0.064,-6.019735289871535e-21,1.853154011392554e-26,0,-1.4696619360037928e-18,7.778370682638699e-37,4.524301785626352e-24
0.128,2.2011666017102606e-07,0.00866953383152395,0,5.373941898706984e-05,19.08863179556394,2.1165854080869018
0.192,1.3485046733067493e-07,0.01902571110832537,0,-7.455636059848222e-05,9.84299209357458,0.41177818488219475
0.256,-1.6398358452436072e-09,0.029869787038041853,0,-1.2505886312394389e-05,9.979229436460757,0.11911588205934137
0.32,-2.428424112393915e-08,0.04088232615303175,0,2.779440866631421e-05,9.92819024921662,0.04112870734214291
0.384,-3.737597498321769e-08,0.05199681572367164,0,2.3321951707561035e-06,9.88329263328598,0.02489024796142256
0.448,-4.876071897337546e-08,0.06317422479902948,0,4.167455735158116e-07,9.854645512720738,0.015361207206530936
0.512,-5.972258634200903e-08,0.07439065771704458,0,1.0324136267680869e-07,9.837107567660079,0.00952730533624429
0.5760000000000001,-7.097117138001749e-08,0.08563133062900742,0,-6.99994309997286e-08,9.82644633982266,0.005917967272400636
0.6400000000000001,-8.310188813259945e-08,0.09688706950480407,0,-2.1536418812829742e-07,9.819975311394124,0.0036782138266122266
0.7040000000000002,-9.664965747740423e-08,0.10815217517980734,0,-3.459601055231482e-07,9.816049525198753,0.0022868162125536957
0.7680000000000002,-1.1210580286654926e-07,0.11942310534547289,0,-4.6591212020025795e-07,9.813668418466102,0.0014219947905955682
0.8320000000000003,-1.2992683664457125e-07,0.1306976576661806,0,-5.773653293156647e-07,9.812224401301313,0.000884315195842686
0.8960000000000004,-1.50538907954413e-07,0.14197446267540106,0,-6.814056474169344e-07,9.811348753678969,0.00054997278143133
0.9600000000000004,-1.7433959019390507e-07,0.15325266872267423,0,-7.784694652466561e-07,9.81081779183773,0.00034205030583763163
1.0240000000000005,-2.0169810024834567e-07,0.1645317461489349,0,-8.686103063839246e-07,9.810495846170724,0.0002127390106172283
1.0880000000000005,-2.3295446660923928e-07,0.17581136553697185,0,-9.516250748176215e-07,9.810300640449102,0.00013231488678987902
1.1520000000000006,-2.6841827068784945e-07,0.1870913220042984,0,-1.0272064740518935e-06,9.810182282726954,8.229474843339532e-05
1.2160000000000006,-3.129302001807284e-07,0.1983611815412335,0,-2.2090149937179727e-06,9.810110504130424,-0.002465070896348958
1.2800000000000007,-8.671066627490643e-07,0.20912240447621247,0,-0.00012442981764537525,9.80999023012508,-0.12417885789944193
1.3440000000000007,-2.7787368532300062e-06,0.21974635310139615,0,-0.00033140960154116357,9.810023612412536,-0.03351423578986852
1.4080000000000008,-6.0112778712512065e-06,0.23034563257969876,0,-0.00032248799500494583,9.810024609891126,-0.0060227409377615
1.4720000000000009,-1.0234131371252141e-05,0.2409485445489015,0,-0.00024177550829583363,9.810015031312805,0.0008868385986659723
1.536000000000001,-1.5298055008883897e-05,0.2515610399662361,0,-0.0002053393890700244,9.810008895868522,0.0023397090165617074
1.600000000000001,-2.113848637207522e-05,0.262182131179284,0,-0.00018957708143544133,9.81000540397731,0.0020985829378269093
1.664000000000001,-2.7724785835325117e-05,0.2728094015559548,0,-0.00018209670411586335,9.810003323722535,0.0015085848688684593
1.728000000000001,-3.504002729715788e-05,0.28344070426019763,0,-0.00017796435512276937,9.810002042532956,0.0009844549736417723
1.7920000000000011,-4.307339396723789e-05,0.2940745037122175,0,-0.00017532353716973866,9.810001249326467,0.0006095575627463402
1.8560000000000012,-5.1817304276921376e-05,0.3047098017465281,0,-0.00017347256826256708,9.810000761039277,0.0003658648170889104
1.9200000000000013,-6.126622657217807e-05,0.315345982605314,0,-0.00017212206679033236,9.810000462396873,0.00021553331914777837
1.9840000000000013,-7.141608183140539e-05,0.3259826781469349,0,-0.00017112621190689293,9.810000280543177,0.00012565498901606062
2.0480000000000014,-8.226386227660001e-05,0.3366196724517463,0,-0.00017039189110529815,9.81000017007064,7.294023206327828e-05
2.1120000000000014,-9.380734936690518e-05,0.34725684029652354,0,-0.00016985025515394122,9.810000103035863,4.236815571978667e-05
2.1760000000000015,-0.0001060448959552371,0.3578941094641568,0,-0.0001694481196354398,9.810000062377775,2.4737025384177555e-05
2.2400000000000015,-0.00011897525939631289,0.36853143836460645,0,-0.00016914473943942132,9.810000037721704,1.4583207144697495e-05
2.3040000000000016,-0.0001325974768466676,0.37916880300268174,0,-0.00016890967023410768,9.810000022770438,8.72500625471496e-06
2.3680000000000017,-0.00014691077461593575,0.38980618947670187,0,-0.00016872078098473177,9.810000013704343,5.331041221703705e-06
2.4320000000000017,-0.00016191450394777824,0.40044358968668287,0,-0.0001685623932066225,9.810000008207085,3.3535060691503196e-06
2.4960000000000018,-0.00017760809660078135,0.4110809988830148,0,-0.0001684236623927325,9.810000004874045,2.1939333368704073e-06
2.560000000000002,-0.00019399103484032666,0.42171841426392764,0,-0.00016829726233939964,9.810000002853453,1.5099074380218533e-06
2.624000000000002,-0.00021106283169046648,0.4323558341694037,0,-0.0001681783717271787,9.810000001628776,1.1046297026434362e-06
2.688000000000002,-0.00022882301836501612,0.4429932576147905,0,-0.00016806392197505498,9.8100000008868,8.642360151746957e-07
2.752000000000002,-0.0002472711366614894,0.4536306840187179,0,-0.0001679520561336906,9.81000000043758,7.222999468992369e-07
2.816000000000002,-0.00026640673475074143,0.4642681130428858,0,-0.00016784174628388498,9.810000000165894,6.397071516078944e-07
2.880000000000002,-0.00028622936527252115,0.47490554449679584,0,-0.00016773252747257096,9.810000000001914,5.931987793505673e-07
2.944000000000002,-0.0003067385849844194,0.4855429782805409,0,-0.00016762431399379232,9.809999999903274,5.688073643589564e-07
3.0080000000000022,-0.00032718883359616953,0.4961064544018542,0,1.4397241247094104e-05,9.809998386199032,-0.018056069929626953
3.0720000000000023,-0.00034635424970600733,0.5068181602863425,0,0.00031367981003719387,9.809995977338025,0.036188907025166334
3.1360000000000023,-0.00036482333486115434,0.5175397129322857,0,0.00017000267448505975,9.809999834038411,0.00240399449582162
3.2000000000000024,-0.0003828600743561575,0.5282640610981119,0,0.00010555313968355542,9.810000012247698,0.0006824999714135193
3.2640000000000025,-0.000400621194645373,0.5389900604276345,0,6.728984516300853e-05,9.809999981474745,0.00040311613685064325
3.3280000000000025,-0.0004182056443061235,0.5497170753475003,0,4.313247765259201e-05,9.80999999184304,0.0002479468610766749
3.3920000000000026,-0.00043567622078330176,0.5604447204628488,0,2.780107020805821e-05,9.80999999950329,0.00015385631905470435
3.4560000000000026,-0.0004530727596428427,0.5711727573551821,0,1.8075590243489724e-05,9.810000001930023,9.564867795422554e-05
3.5200000000000027,-0.00047042049951571285,0.5819010378993508,0,1.191381510518128e-05,9.810000002104982,5.948531132196786e-05
3.5840000000000027,-0.0004877354084269626,0.5926294699850885,0,8.015371489342147e-06,9.810000001649618,3.6997453390995014e-05
3.648000000000003,-0.0005050275729111918,0.6033579963235891,0,5.552838628076821e-06,9.810000001148062,2.3010928466351062e-05
3.712000000000003,-0.000522303352390314,0.6140865812820866,0,4.000245387438507e-06,9.8100000007552,1.431152264377594e-05
3.776000000000003,-0.0005395667478395576,0.6248152026973148,0,3.023444794563809e-06,9.810000000482122,8.900569044631324e-06
3.840000000000003,-0.0005568202711729825,0.6355438467838754,0,2.4101845260790318e-06,9.810000000302793,5.534993251835719e-06
3.904000000000003,-0.0005740654976573608,0.6462725049673435,0,2.025597911752425e-06,9.810000000188559,3.4416277860073654e-06
3.968000000000003,-0.0005913034171794446,0.6570011719145009,0,1.7839263414378084e-06,9.810000000117048,2.1395726167260296e-06
4.032000000000003,-0.0006085346578571844,0.6677298443081635,0,1.6305772324121212e-06,9.810000000072701,1.3297131591854555e-06
4.096000000000003,-0.0006257596285770659,0.6784585200851344,0,1.5307514302709904e-06,9.810000000045349,8.260030209433195e-07
4.160000000000003,-0.0006429786099728085,0.6891871979622184,0,1.4622373385959244e-06,9.810000000028477,5.127229124635751e-07
4.224000000000003,-0.0006601918125450445,0.6999158771414051,0,1.4108455826585157e-06,9.81000000001804,3.178961936575866e-07
4.288000000000003,-0.0006773994137737466,0.7106445571264949,0,1.3675155112026445e-06,9.810000000011536,1.967536450953013e-07
4.352000000000003,-0.0006946015817440419,0.7213732376090385,0,1.3264791032126066e-06,9.810000000007419,1.2144870216196715e-07
4.416000000000003,-0.000711798490062847,0.7321019183973911,0,1.2840946021269737e-06,9.81000000000476,7.466041724109504e-08
4.480000000000003,-0.0007289903271097451,0.7428305993725811,0,1.238103492904087e-06,9.810000000002955,4.561458193915233e-08
4.544000000000003,-0.0007461773015648178,0.7535592804608573,0,1.1871562073781046e-06,9.810000000001693,2.760893461232974e-08
4.608000000000003,-0.0007633596454597095,0.7642879616166104,0,1.130507856693003e-06,9.810000000000752,1.6473855392180975e-08
4.672000000000003,-0.0007805376155539367,0.7750166428117463,0,1.067822427831283e-06,9.810000000000052,9.614949812649146e-09
4.736000000000003,-0.0007977114935594531,0.7857453240290728,0,9.990450954362072e-07,9.809999999999432,5.417606843574581e-09
4.800000000000003,-0.0008148815855520975,0.7964740052581819,0,9.243195487892906e-07,9.809999999998972,2.8766172022359423e-09
4.864000000000003,-0.0008320482207984335,0.8072026864928854,0,8.43932204237894e-07,9.80999999999855,1.3658350663614573e-09
4.9280000000000035,-0.0008492117501491632,0.8179313677296163,0,7.582752945178485e-07,9.809999999998213,4.949444479918777e-10
4.9920000000000035,-0.0008663725441055856,0.8286600489664306,0,6.678208757733595e-07,9.809999999997927,2.0391346770502205e-11
5.056000000000004,-0.0008835309906333058,0.8393887302023847,0,5.731027104997665e-07,9.80999999999774,-2.100340184332318e-10
5.120000000000004,-0.0009006874927792612,0.8501174114371443,0,4.747025792970121e-07,9.809999999997572,-2.9163003447516973e-10
5.184000000000004,-0.0009178424661351745,0.8608460926707399,0,3.732397563943662e-07,9.809999999997498,-2.8417380908801955e-10
5.248000000000004,-0.0009349963361812527,0.8715747739034128,0,2.693627527105839e-07,9.809999999997487,-2.2525806619871995e-10
5.312000000000004,-0.0009521495355409276,0.8823034551355181,0,1.6374179765287597e-07,9.809999999997537,-1.3854947312184285e-10
5.376000000000004,-0.0009693025011714705,0.893032136367464,0,5.7062776356488335e-08,9.80999999999767,-3.893957524104296e-11
5.440000000000004,-0.0009864556715155103,0.9037608175996731,0,-4.997888106229923e-08,9.809999999997837,6.42540079974705e-11
5.504000000000004,-0.001003609483635025,0.9144894988325591,0,-1.566834655314551e-07,9.809999999998084,1.6528339383637556e-10
5.568000000000004,-0.0010207643703494943,0.9252181800665131,0,-2.623522838549308e-07,9.80999999999836,2.6072444207764395e-10
5.632000000000004,-0.001037920757398615,0.9359468613018954,0,-3.6629263952941684e-07,9.809999999998702,3.486861608802754e-10
5.696000000000004,-0.0010550790606490275,0.946675542539032,0,-4.6782258093090674e-07,9.809999999999055,4.2829407552992854e-10
5.760000000000004,-0.0010722396833643844,0.957404223778214,0,-5.662756212457977e-07,9.809999999999446,4.993846287008086e-10
5.824000000000004,-0.001089403013557732,0.9681329050196991,0,-6.610053688498212e-07,9.809999999999828,5.622707804600348e-10
5.888000000000004,-0.0011065694214427843,0.9788615862637138,0,-7.51389576301124e-07,9.810000000000244,6.175768342846502e-10
5.952000000000004,-0.0011237392570019895,0.989590267510457,0,-8.368345099756985e-07,9.810000000000635,6.661504157348616e-10
6.0160000000000045,-0.0011409128476875465,1.000318948760104,0,-9.167788945018476e-07,9.81000000000101,7.089499026247202e-10
6.0800000000000045,-0.0011580904962697175,1.0110476300128108,0,-9.906974155368496e-07,9.810000000001358,7.469884515844864e-10
6.144000000000005,-0.0011752724788475586,1.0217763112687177,0,-1.058104411663007e-06,9.810000000001668,7.812639123309152e-10
6.208000000000005,-0.0011924590430351933,1.0325049925279535,0,-1.1185570784756356e-06,9.810000000001937,8.127092719441199e-10
6.272000000000005,-0.0012096504063346311,1.0432336737906387,0,-1.1716581550359401e-06,9.81000000000216,8.421568313536231e-10
6.336000000000005,-0.0012268467547064607,1.0539623550568886,0,-1.2170586894334008e-06,9.810000000002304,8.702886678349415e-10
6.400000000000005,-0.0012440482413485876,1.0646910363268152,0,-1.2544605217862146e-06,9.810000000002407,8.976147136288695e-10
6.464000000000005,-0.001261254985689498,1.0754197176005282,0,-1.2836178670784787e-06,9.810000000002447,9.244432005537771e-10
6.528000000000005,-0.0012784670726037615,1.086148398878136,0,-1.3043391975320093e-06,9.810000000002388,9.508653518870194e-10
6.592000000000005,-0.0012956845518546142,1.0968770801597445,0,-1.316488425123883e-06,9.810000000002299,9.767673494110674e-10
6.656000000000005,-0.001312907437767357,1.1076057614454564,0,-1.3199858129811363e-06,9.810000000002152,1.001777615934974e-09
6.720000000000005,-0.001330135709135348,1.118334442735368,0,-1.3148084102261537e-06,9.810000000001919,1.0253433650494407e-09
6.784000000000005,-0.0013473693093600861,1.129063124029567,0,-1.300990416768167e-06,9.810000000001656,1.0466927524303092e-09
6.848000000000005,-0.001364608146823403,1.1397918053281275,0,-1.278622699908891e-06,9.81000000000135,1.0648719002136736e-09
6.912000000000005,-0.0013818520954898407,1.1505204866311067,0,-1.247852324377237e-06,9.810000000001,1.0787650070228375e-09
6.976000000000005,-0.0013991009957354508,1.161249167938539,0,-1.2088816339382526e-06,9.810000000000613,1.0871527821443542e-09
7.040000000000005,-0.0014163546553971665,1.1719778492504307,0,-1.1619668226144343e-06,9.810000000000224,1.0887143894951208e-09
7.104000000000005,-0.0014336128510361059,1.1827065305667546,0,-1.1074163143604465e-06,9.809999999999809,1.0821106074136967e-09
7.1680000000000055,-0.0014508753294065024,1.1934352118874447,0,-1.0455887347081494e-06,9.809999999999429,1.0659797119523218e-09
7.2320000000000055,-0.0014681418091200096,1.2041638932123908,0,-9.76890407843201e-07,9.80999999999904,1.0390248329751786e-09
7.296000000000006,-0.0014854119824955153,1.214892574541433,0,-9.01772948899698e-07,9.80999999999867,1.0000343503844678e-09
7.360000000000006,-0.0015026855175814158,1.225621255874358,0,-8.207300768026357e-07,9.80999999999835,9.479410629067411e-10
7.424000000000006,-0.0015199620603378566,1.236349937210895,0,-7.3429456552015e-07,9.809999999998073,8.818522151214096e-10
7.488000000000006,-0.0015372412369631925,1.2470786185507132,0,-6.4303439819597e-07,9.80999999999784,8.010879109006862e-10
7.552000000000006,-0.0015545226563510159,1.2578072998934202,0,-5.47549435429441e-07,9.809999999997641,7.052386253052037e-10
7.616000000000006,-0.0015718059126609133,1.2685359812385608,0,-4.484673032570281e-07,9.809999999997553,5.941548851000178e-10
7.680000000000006,-0.001589090587985564,1.2792646625856183,0,-3.4643914869178346e-07,9.809999999997476,4.679942137502175e-10
7.744000000000006,-0.0016063762550973977,1.289993343934016,0,-2.421355427710314e-07,9.809999999997476,3.272288576007899e-10
7.808000000000006,-0.0016236624802566334,1.300722025283121,0,-1.362420415136556e-07,9.809999999997583,1.7264832129936842e-10
7.872000000000006,-0.0016409488260614872,1.311450706632248,0,-2.9454496590396413e-08,9.809999999997704,5.365172296635338e-12
7.936000000000006,-0.0016582348543231753,1.3221793879806656,0,7.752518692268159e-08,9.8099999999979,-1.731854925245921e-10
8.000000000000005,-0.0016755201289454333,1.3329080693276032,0,1.839940015111113e-07,9.809999999998148,-3.6130583499842047e-10
8.064000000000005,-0.0016928042187903723,1.3436367506722593,0,2.8925227512934963e-07,9.809999999998444,-5.570247119341825e-10
8.128000000000005,-0.0017100867005124035,1.35436543201381,0,3.926081318150466e-07,9.809999999998794,-7.581184687014442e-10
8.192000000000005,-0.0017273671613396236,1.3650941133514198,0,4.93382522209062e-07,9.80999999999916,-9.621883962811323e-10
8.256000000000006,-0.001744645201786718,1.375822794684251,0,5.909131166283905e-07,9.80999999999953,-1.166670988964076e-09
8.320000000000006,-0.001761920438280185,1.386551476011475,0,6.845589910566247e-07,9.809999999999958,-1.368913930081556e-09
8.384000000000006,-0.0017791925056788438,1.3972801573322837,0,7.737047871802453e-07,9.810000000000331,-1.5662148316139891e-09
8.448000000000006,-0.0017964610596733028,1.4080088386459004,0,8.577646972252646e-07,9.810000000000738,-1.755861366503663e-09
8.512000000000006,-0.001813725779048284,1.4187375199515906,0,9.361863959282473e-07,9.810000000001095,-1.935210971516817e-09
8.576000000000006,-0.0018309863677935532,1.429466201248672,0,1.0084545195406961e-06,9.810000000001436,-2.101735937135318e-09
8.640000000000006,-0.0018482425570488048,1.440194882536525,0,1.074094242555563e-06,9.81000000000174,-2.253066489786445e-09
8.704000000000006,-0.0018654941068701168,1.4509235638146003,0,1.132674301681789e-06,9.810000000002008,-2.3870545779983917e-09
8.768000000000006,-0.0018827408078065258,1.4616522450824283,0,1.1838097907701426e-06,9.810000000002196,-2.5018096157168518e-09
8.832000000000006,-0.0018999824822760805,1.4723809263396244,0,1.2271647593688903e-06,9.810000000002342,-2.5957224842760127e-09
8.896000000000006,-0.0019172189857322858,1.483109607585894,0,1.2624544310096707e-06,9.810000000002402,-2.6675439459337824e-09
8.960000000000006,-0.0019344502076137846,1.4938382888210375,0,1.2894469498010444e-06,9.81000000000244,-2.7163492283959087e-09
9.024000000000006,-0.0019516760720703305,1.5045669700449513,0,1.3079650764002908e-06,9.810000000002388,-2.741613611597981e-09
9.088000000000006,-0.0019688965384605447,1.5152956512576292,0,1.3178872879500712e-06,9.810000000002258,-2.743168603925207e-09
9.152000000000006,-0.001986111601618861,1.526024332459161,0,1.3191484126093407e-06,9.810000000002102,-2.7212558796780717e-09
9.216000000000006,-0.0020033212918886285,1.5367530136497296,0,1.3117403684144627e-06,9.810000000001846,-2.6764705434981322e-09
9.280000000000006,-0.002020525674922261,1.5474816948296088,0,1.2957119470614943e-06,9.810000000001576,-2.6097715456539693e-09
9.344000000000007,-0.0020377248512491986,1.558210375999156,0,1.2711686265650054e-06,9.810000000001255,-2.522460319410854e-09
9.408000000000007,-0.0020549189556148006,1.5689390571588067,0,1.2382718104572986e-06,9.810000000000905,-2.416141514155589e-09
9.472000000000007,-0.0020721081560939438,1.5796677383090665,0,1.197237904973969e-06,9.810000000000521,-2.2926832763807727e-09
9.536000000000007,-0.002089292652986444,1.590396419450503,0,1.148336582835936e-06,9.810000000000105,-2.1541633145844897e-09
9.600000000000007,-0.002106472677499482,1.6011251005837355,0,1.091889517083247e-06,9.80999999999972,-2.002870814496855e-09
9.664000000000007,-0.0021236484902283454,1.6118537817094265,0,1.0282676208061266e-06,9.809999999999325,-1.841179933305807e-09
9.728000000000007,-0.0021408203794427393,1.6225824628282708,0,9.5788927475235e-07,9.809999999998938,-1.6715746758452323e-09
9.792000000000007,-0.0021579886591922962,1.6333111439409853,0,8.812170011632853e-07,9.809999999998587,-1.4965291933951673e-09
9.856000000000007,-0.0021751536672419483,1.6440398250482993,0,7.987548596660877e-07,9.809999999998293,-1.3185065418846836e-09
9.920000000000007,-0.002192315762851732,1.6547685061509443,0,7.110448896790398e-07,9.809999999998011,-1.1398787635122135e-09
9.984000000000007,-0.0022094753244156352,1.6654971872496453,0,6.186635451149098e-07,9.809999999997775,-9.628918662791896e-10
10.048000000000007,-0.0022266327469742473,1.6762258683451121,0,5.222180885617337e-07,9.809999999997624,-7.896201839317919e-10
10.112000000000007,-0.002243788439618417,1.6869545494380316,0,4.2234239321842974e-07,9.809999999997514,-6.219021876161774e-10
10.176000000000007,-0.00226094282280035,1.6976832305290612,0,3.196929287406374e-07,9.809999999997487,-4.6138933610248755e-10
10.240000000000007,-0.002278096325570462,1.7084119116188234,0,2.149442924089141e-07,9.809999999997501,-3.094219408794777e-10
10.304000000000007,-0.0022952493827573402,1.7191405927079013,0,1.0878496908874605e-07,9.80999999999761,-1.6706540302352482e-10
10.368000000000007,-0.0023124024321098686,1.7298692737968353,0,1.912683139444921e-09,9.809999999997752,-3.511508069294828e-11
10.432000000000007,-0.002329555911420749,1.7405979548861215,0,-1.0497030074896294e-07,9.809999999997945,8.594136343111379e-11
10.496000000000008,-0.002346710255648878,1.75132663597621,0,-2.1116143774165622e-07,9.80999999999824,1.9590949674125523e-10
10.560000000000008,-0.002363865894061075,1.7620553170675062,0,-3.159629071438815e-07,9.80999999999852,2.948447539304293e-10
10.624000000000008,-0.0023810232474110416,1.7727839981603715,0,-4.1868597898945e-07,9.809999999998887,3.83064765481254e-10
10.688000000000008,-0.002398182725174266,1.7835126792551255,0,-5.186555804849608e-07,9.80999999999925,4.6110918224850597e-10
10.752000000000008,-0.002415344722857484,1.794241360352049,0,-6.152148422248198e-07,9.809999999999647,5.297203838059189e-10
10.816000000000008,-0.002432509619399335,1.8049700414513885,0,-7.077291583847068e-07,9.81000000000006,5.897586314342728e-10
10.880000000000008,-0.002449677774680456,1.8156987225533583,0,-7.955906421068828e-07,9.810000000000445,6.422263364240851e-10
10.944000000000008,-0.002466849527158887,1.826427403658147,0,-8.782219995209056e-07,9.810000000000827,6.881873240734142e-10
11.008000000000008,-0.0025036837097144474,1.8292095235750145,0,-0.004800397968049184,9.801710981067986,-1.9400784150197732
11.072000000000008,-0.0025392580575311478,1.8327734843098475,0,0.0003075768405419743,9.761504156883907,0.19087910594853788
11.136000000000008,-0.002566354885139263,1.8370230916663879,0,0.002069707082174209,9.831533851481423,0.16739419475280262
11.200000000000008,-0.0025826003647651044,1.8422432995133804,0,0.002649254878484714,9.825302554923915,0.23696301036426812
11.264000000000008,-0.0025859812624157603,1.8486310625494704,0,0.0031407670837855567,9.817140840998752,0.28504765358829065
11.328000000000008,-0.0025747213033769116,1.8563148261824027,0,0.003574427902711126,9.81170933203305,0.3164063957134257
11.392000000000008,-0.002547248434144856,1.865377958028645,0,0.003958230027638383,9.808322484207597,0.3367598177026012
11.456000000000008,-0.002502151394361145,1.8758744544749175,0,0.004302776013587799,9.806232536865734,0.3499425293042977
11.520000000000008,-0.0024381438999739255,1.887839236081314,0,0.004616810205934693,9.804945130514314,0.35846805667093423
11.584000000000009,-0.0023540419487196266,1.9012948636252844,0,0.004905873258564222,9.804151964416889,0.36397605897796054
11.648000000000009,-0.002248747041102766,1.9162559029670938,0,0.005174061611953598,9.803662852809339,0.36753217720678855
11.712000000000009,-0.002121233635168557,1.9327317543324156,0,0.00542443806575892,9.803360812806828,0.36982715417783485
11.776000000000009,-0.0019705396493969332,1.9507284828286275,0,0.0056593212493687,9.803173957294504,0.3713078932837243
11.840000000000009,-0.0017957236718497145,1.970250010144769,0,0.005889158148338684,9.803200728703317,0.37226533689686697
11.904000000000009,-0.0015959589506486513,1.9912993177015876,0,0.006091001868614335,9.803303823822235,0.37299322282155223
11.968000000000009,-0.0013705674862037971,2.013879318785715,0,0.006256529112253703,9.803122373626977,0.3737044744406322
12.032000000000009,-0.0011189369561816782,2.0379926427358876,0,0.006406021869449381,9.802999476410177,0.37434640284312704
12.096000000000009,-0.0008405248651889623,2.0636416914162417,0,0.006538467033837147,9.8029160099833,0.37493279545438973
12.160000000000009,-0.0005348529293562007,2.0908287104101455,0,0.006655235556651808,9.802857115232232,0.3754810335814899
12.224000000000009,-0.00020150224864349354,2.119555835836372,0,0.0067575060742054455,9.802813633756541,0.37600254695378427
12.28800000000001,0.00015989081566588395,2.1498251241619895,0,0.006846285057780844,9.802779867503409,0.37650461410910824
12.35200000000001,0.0005496382083031201,2.1816385712537048,0,0.0069224434394186225,9.802752256032946,0.37699188625434865
12.41600000000001,0.0009680003181012278,2.214998124663861,0,0.006986014931853395,9.802729193657958,0.3774673629006797
12.48000000000001,0.0014151567695810368,2.2499056965450746,0,0.007029868574634142,9.802718972259497,0.37793419703540637
12.54400000000001,0.0018913867744578536,2.2863635780318323,0,0.007098035497316321,9.802711155445277,0.3784935560410359
12.60800000000001,0.0023969183394922985,2.3243731494123976,0,0.007153701210358403,9.802675616878078,0.37883054048042075
12.67200000000001,0.0029320036754351703,2.363936311927725,0,0.007215276100690266,9.802657225341195,0.37929471063516984
12.73600000000001,0.00349689116307507,2.405054961843737,0,0.007275915941657182,9.802639397450584,0.3797576661828496
12.80000000000001,0.004091824962433483,2.447730981837632,0,0.00733552532190238,9.80262176263772,0.3802173041706853
12.86400000000001,0.004717044729505539,2.491966243515205,0,0.007394035086339027,9.80260423600393,0.3806742391791607
12.92800000000001,0.005372785385893914,2.5377626091119567,0,0.007451388993241707,9.802586769019767,0.38112888651820087
12.99200000000001,0.006059276936878494,2.5851219326385704,0,0.007507542626026571,9.802569335509434,0.3815815258452859
13.05600000000001,0.006776744332502965,2.634046060652871,0,0.007562462070285942,9.802551922692107,0.38203234562658983
13.12000000000001,0.007525407366048545,2.6845368327810415,0,0.007616122539333372,9.802534525566548,0.38248147311286806
13.18400000000001,0.00830548060449552,2.7365960820707946,0,0.007668507056004611,9.802517143443918,0.3829289945269963
13.24800000000001,0.009117173346022878,2.7902256352321,0,0.007719605244234228,9.802499777849015,0.38337496864068343
13.31200000000001,0.009960689600146124,2.8454273128028276,0,0.0077694122548552175,9.802482431283336,0.38381943589400713
13.37600000000001,0.010836228086655731,2.90220292926435,0,0.00781792782870179,9.80246510652406,0.3842624245105503
13.44000000000001,0.011743982250059636,2.9605542931238795,0,0.007865155491771778,9.8024478062506,0.3847039545916345
13.50400000000001,0.012684140286720954,3.0204832069747396,0,0.007911101869485375,9.802430532865985,0.3851440408520928
13.56800000000001,0.013656885182332578,3.0819914675420432,0,0.007955776110914633,9.802413288431422,0.3855826944442122
13.63200000000001,0.01466239455799118,3.1450808657034255,0,0.007999140636469192,9.802396075619958,0.38601992042940836
13.69600000000001,0.015700841154285824,3.209753186554766,0,0.008041313631846393,9.802378893606257,0.38645573485307044
13.76000000000001,0.016772392574282903,3.2760102094137373,0,0.00808223234922762,9.80236174484937,0.3868901385818057
13.82400000000001,0.017877211365026117,3.343853707842272,0,0.008121916686067963,9.802344630261818,0.38732313710040767
13.88800000000001,0.019015455106516355,3.4132854496683196,0,0.008160388365972441,9.80232755050192,0.38775473572088526
13.95200000000001,0.020187276496476964,3.4843071970062636,0,0.008197668083586197,9.802310506084915,0.3881849394278454
14.01600000000001,0.021392823333275884,3.5569207062699197,0,0.008233751669510393,9.80229349778118,0.388613751394571
14.08000000000001,0.02263223878809881,3.631127728205361,0,0.008268705572266995,9.802276525127034,0.38904117963503015
14.14400000000001,0.02390566137005222,3.7069300079035976,0,0.008302521272090548,9.802259588679927,0.38946722724494093
14.20800000000001,0.0252132249805551,3.7843292848165384,0,0.00833521204820972,9.80224268874667,0.3898918981211758
14.272000000000011,0.026555059002040148,3.863327292775423,0,0.008366799556194779,9.802225825445616,0.3903151967636247
14.336000000000011,0.027931288382158324,3.9439257600090385,0,0.008397304353790123,9.80220899886641,0.3907371276198087
14.400000000000011,0.029342033714454003,4.026126409161777,0,0.008426746137085512,9.802192209075946,0.3911576950984023
14.464000000000011,0.030787411316189558,4.1099309573115725,0,0.00845514390622011,9.802175456123422,0.3915769035784163
14.528000000000011,0.03226753330380682,4.195341115987742,0,0.008482516084401556,9.802158740044012,0.3919947574154636
14.592000000000011,0.03378250766637247,4.2823585911887445,0,0.008508880602631726,9.802142060862028,0.3924112609454567
14.656000000000011,0.03533243833726154,4.370985083399871,0,0.008534254961774491,9.80212541859312,0.39282641848749816
14.720000000000011,0.03691742526426893,4.461222287610876,0,0.008558656278887196,9.802108813246225,0.3932402343452738
14.784000000000011,0.03853756447829087,4.553071893333542,0,0.008582101321910389,9.802092244824914,0.3936527128080636
14.848000000000011,0.04019294816067975,4.6465355846191985,0,0.00860460653489884,9.802075713328628,0.3940638581516688
14.912000000000011,0.04188366470937049,4.741615040076174,0,0.008626188061974757,9.802059218753246,0.39447367463840965
14.976000000000012,0.04360979880382661,4.838311932887206,0,0.008646861759128382,9.802042761092046,0.39488216651768304
15.040000000000012,0.045371431468876657,4.936627930826791,0,0.008666643211407303,9.802026340335901,0.3952893380258299
15.104000000000012,0.0471686401374779,5.036564696278488,0,0.0086855477419923,9.802009956473904,0.3956951933864278
15.168000000000012,0.0490014987124535,5.138123886252159,0,0.00870359042342556,9.801993609493374,0.3960997368103143
15.232000000000012,0.05087007762722691,5.241307152401172,0,0.008720786083449346,9.801977299380383,0.39650297249537336
15.296000000000012,0.0527744439055869,5.346116141039536,0,0.008737149313131654,9.801961026119638,0.3969049046269327
15.360000000000012,0.054714661220509615,5.452552493158998,0,0.008752694473319713,9.801944789694867,0.39730553737735125
15.424000000000012,0.056690789952057584,5.560617844446076,0,0.008767435699525162,9.801928590088648,0.3977048749065112
15.488000000000012,0.05870288724438063,5.6703138252990515,0,0.008781386907978707,9.801912427282726,0.39810292136134073
15.552000000000012,0.060751007061834186,5.781642060844895,0,0.008794561799440196,9.80189630125793,0.39849968087622867
15.616000000000012,0.06283520024423137,5.894604170956157,0,0.008806973863188057,9.801880211994316,0.3988951575728159
15.680000000000012,0.06495551456124977,6.009201770267794,0,0.008818636382138482,9.80186415947104,0.39928935556007633
15.744000000000012,0.06711199476600876,6.125436468193945,0,0.0088295624366656,9.801848143666705,0.39968227893435687
15.808000000000012,0.06930468264782573,6.243309868944664,0,0.008839764906731893,9.801832164558975,0.4000739317793563
15.872000000000012,0.07153361708417343,6.3628235715425925,0,0.008849256477226734,9.80181622212495,0.4004643181662642
15.936000000000012,0.07379883409184484,6.483979169839582,0,0.008858049639583974,9.801800316341048,0.4008534421535889
16.00000000000001,0.07610036687734245,6.606778252533269,0,0.008866156695845314,9.801784447183003,0.40124130778739553
16.06400000000001,0.07843824588650772,6.731222403183595,0,0.008873589762611458,9.801768614625873,0.40162791910117
16.12800000000001,0.08081249885339191,6.8573132002292745,0,0.0088803607712233,9.801752818644157,0.402013280115936
16.19200000000001,0.08322315084839343,6.98505221700422,0,0.008886481473956617,9.801737059211717,0.4023973948402982
16.25600000000001,0.08567022432566294,7.1144410217539065,0,0.008891963444331982,9.801721336301803,0.4027802672704824
0.064,7.698163047550876e-07,1.1742177616427524e-06,0,0.00018794343377809755,-0.0007491864366251377,0.00028667425821356257
0.128,1.7597492696812135e-06,0.008671882267047236,0,5.373941898706984e-05,19.08863179556394,2.1165854080869018
0.192,2.444299381546188e-06,0.019029233761610344,0,-7.455636061063267e-05,9.842992093574587,0.4117781848822063
0.256,3.077625383127962e-06,0.029874483909088523,0,-1.2505886299609413e-05,9.979229436460756,0.11911588205934365
0.32,3.824797282548132e-06,0.04088819724184012,0,2.7794408651952052e-05,9.928190249216614,0.041128707342142815
0.384,4.581521853379402e-06,0.0520038610302417,0,2.332195168725456e-06,9.883292633285977,0.024890247961423063
0.448,5.339953414151113e-06,0.06318244432336123,0,4.167455909281158e-07,9.85464551272074,0.01536120720652771
0.512,6.098807851487279e-06,0.07440005145913801,0,1.0324134874391735e-07,9.83710756766008,0.009527305336243883
0.5760000000000001,6.857375571145959e-06,0.08564189858886255,0,-6.999943297986644e-08,9.826446339822656,0.0059179672724017085
0.6400000000000001,7.615061159229885e-06,0.0968988116824209,0,-2.1536415399276943e-07,9.81997531139412,0.0036782138266134422
0.7040000000000002,8.371329694637051e-06,0.10816509157518586,0,-3.459601261620504e-07,9.816049525198766,0.002286816212555329
0.7680000000000002,9.125689853934475e-06,0.11943719595861312,0,-4.6591213616764824e-07,9.813668418466097,0.0014219947905977507
0.8320000000000003,9.87768512486372e-06,0.13071292249708255,0,-5.773653242622709e-07,9.81222440130132,0.0008843151958439538
0.8960000000000004,1.0626889358224182e-05,0.14199090172406473,0,-6.814056564413215e-07,9.81134875367897,0.0005499727814305221
0.9600000000000004,1.1372904980632415e-05,0.15327028198909962,0,-7.784694707588456e-07,9.810817791837723,0.0003420503058395517
1.0240000000000005,1.211536277521836e-05,0.164550533633122,0,-8.686103081760124e-07,9.810495846170722,0.00021273901061962853
1.0880000000000005,1.285392271348461e-05,0.1758313272389207,0,-9.516250780503602e-07,9.810300640449107,0.00013231488679129805
1.1520000000000006,1.3588275214123302e-05,0.187112457924009,0,-1.0272064520410055e-06,9.81018228272695,8.229474843690855e-05
1.2160000000000006,1.431302438211559e-05,0.19838225176848479,0,-2.3445636343756337e-06,9.810110497989617,-0.002767783352659827
1.2800000000000007,1.4522550352216244e-05,0.20914403122086214,0,-0.00012578691354776192,9.809990274659054,-0.1240269511959059
1.3440000000000007,1.3371714918794052e-05,0.2197690833364893,0,-0.00033211948328194487,9.810023721526777,-0.03338069744877633
1.4080000000000008,1.090184706909736e-05,0.2303695676990683,0,-0.00032202939850451676,9.810024612987252,-0.005997986584030991
1.4720000000000009,7.442751454937072e-06,0.24097370147479036,0,-0.00024151068468349491,9.810015029356816,0.0008909700056365241
1.536000000000001,3.1431708197355778e-06,0.25158741068313617,0,-0.00020519653834013855,9.810008895620651,0.0023377521054057677
1.600000000000001,-1.932583028802357e-06,0.2622097035856294,0,-0.00018949541341221668,9.810005404097156,0.0020956284539605198
1.664000000000001,-7.754001044190683e-06,0.2728381655872148,0,-0.00018204691573495897,9.810003323751493,0.0015061277080478095
1.728000000000001,-1.4304230644525282e-05,0.28347065286814127,0,-0.00017793251585602356,9.81000204249052,0.0009827342141367872
1.7920000000000011,-2.1572499586455497e-05,0.2941056323435579,0,-0.00017530257363174227,9.810001249271371,0.0006084459204423833
1.8560000000000012,-2.9551254791825593e-05,0.3047421075887304,0,-0.00017345856041012787,9.81000076099521,0.00036517816304014857
1.9200000000000013,-3.823498343197622e-05,0.3153794639666489,0,-0.00017211265497571476,9.810000462366883,0.00021512029933045025
1.9840000000000013,-4.761961912526417e-05,0.3260173340256671,0,-0.00017111988601985412,9.8100002805241,0.000125410424731853
2.0480000000000014,-5.7702162627482814e-05,0.33665550225971314,0,-0.00017038764866472003,9.8100001700588,7.27966376443023e-05
2.1120000000000014,-6.84804011578883e-05,0.3472938436895462,0,-0.00016984741899093013,9.810000103028617,4.228412769923344e-05
2.1760000000000015,-7.995269144624025e-05,0.3579322862407537,0,-0.0001694462299673978,9.810000062373344,2.468783556023813e-05
2.2400000000000015,-9.211779344710314e-05,0.3685707884064672,0,-0.00016914348449974102,9.81000003771898,1.4554322745677824e-05
2.3040000000000016,-0.00010497474605479573,0.3792093262399933,0,-0.00016890883955803055,9.810000022768785,8.70796207656551e-06
2.3680000000000017,-0.00011852277673684153,0.38984788586802593,0,-0.00016872023299638905,9.810000013703341,5.320924437040021e-06
2.4320000000000017,-0.00013276123750739617,0.4004864592072744,0,-0.000168562033327356,9.81000000820646,3.347464798613873e-06
2.4960000000000018,-0.00014768956063705772,0.41112504151801965,0,-0.0001684234275163377,9.810000004873677,2.1903068428743803e-06
2.560000000000002,-0.00016330722873172734,0.4217636300043983,0,-0.00016829711059766948,9.81000000285321,1.507722994796145e-06
2.624000000000002,-0.00017961375504206965,0.43240222300994985,0,-0.00016817827531071794,9.810000001628643,1.1033136950528607e-06
2.688000000000002,-0.00019660867093290323,0.44304081955218166,0,-0.00016806386242462578,9.810000000886724,8.634473339245718e-07
2.752000000000002,-0.00021429151830256626,0.4536794190510453,0,-0.000167952021198597,9.810000000437515,7.218339428896562e-07
2.816000000000002,-0.00023266184538959703,0.4643180211690557,0,-0.00016784172787298338,9.810000000165868,6.394401083484604e-07
2.880000000000002,-0.00025171920487885734,0.47495662571622,0,-0.00016773252007556554,9.810000000001896,5.930551643499668e-07
2.944000000000002,-0.0002714631535582807,0.48559523259294624,0,-0.0001676243140046504,9.809999999903258,5.687407134944643e-07
3.0080000000000022,-0.0002911481587409735,0.49615988188863636,0,1.4390502131465594e-05,9.809998386202324,-0.01805605005765287
3.0720000000000023,-0.00030954827363764855,0.5068727608798205,0,0.00031369391748481667,9.809995977339677,0.03618889050147415
3.1360000000000023,-0.00032725205467334435,0.5175954865667468,0,0.00017000338402813493,9.809999834040346,0.002403978452676613
3.2000000000000024,-0.0003445234886130646,0.528321007770319,0,0.00010555349022839875,9.810000012247608,0.000682499181118199
3.2640000000000025,-0.00036151930244564365,0.5390481801358031,0,6.729006522003476e-05,9.809999981474768,0.0004031157011559532
3.3280000000000025,-0.00037833844509732904,0.549776368090549,0,4.313261252286583e-05,9.809999991843053,0.000247946597105318
3.3920000000000026,-0.0003950437142328614,0.5605051862401081,0,2.7801151404543457e-05,9.809999999503319,0.00015385615558457128
3.4560000000000026,-0.00041167494555668607,0.5712343961662355,0,1.807563762395561e-05,9.810000001930016,9.564857621523213e-05
3.5200000000000027,-0.0004282573777862772,0.5819638497439381,0,1.1913841365588922e-05,9.810000002104982,5.948524788488205e-05
3.5840000000000027,-0.0004448069790002042,0.5926934548630476,0,8.015384683645824e-06,9.81000000164963,3.699741378277971e-05
3.648000000000003,-0.0004613338357655166,0.6034231542348186,0,5.552843900046315e-06,9.810000001148046,2.3010903685034533e-05
3.712000000000003,-0.00047784430752281196,0.6141529122265226,0,4.000246097913781e-06,9.810000000755192,1.431150708101085e-05
3.776000000000003,-0.0004943423952574372,0.6248827066749171,0,3.0234430346991865e-06,9.810000000482136,8.900559211207174e-06
3.840000000000003,-0.0005108306108878457,0.6356125237946183,0,2.410181693512671e-06,9.810000000302793,5.534986981679996e-06
3.904000000000003,-0.0005273105296815296,0.6463423550112103,0,2.025594903499181e-06,9.81000000018855,3.4416237365180275e-06
3.968000000000003,-0.0005437831415237097,0.6570721949914808,0,1.7839237069551163e-06,9.810000000117052,2.1395699433374615e-06
4.032000000000003,-0.0005602490745292538,0.667802040418249,0,1.6305753505914387e-06,9.810000000072716,1.3297113418391387e-06
4.096000000000003,-0.0005767087375805289,0.6785318892283202,0,1.5307505539638376e-06,9.810000000045335,8.260017319082802e-07
4.160000000000003,-0.0005931624113065724,0.6892617401385006,0,1.462237605360173e-06,9.810000000028484,5.127219542254379e-07
4.224000000000003,-0.0006096103062029556,0.6999915923507808,0,1.410847085048e-06,9.81000000001805,3.178954416054384e-07
4.288000000000003,-0.0006260525997442539,0.7107214453689613,0,1.3675183312722196e-06,9.810000000011538,1.9675302841164143e-07
4.352000000000003,-0.0006424894600101178,0.7214512988845935,0,1.3264832603722913e-06,9.810000000007406,1.2144816379334662e-07
4.416000000000003,-0.0006589210606023012,0.7321811527060328,0,1.2841000196202785e-06,9.810000000004761,7.465993603697806e-08
4.480000000000003,-0.0006753475898948286,0.7429110067143077,0,1.2381102675804534e-06,9.810000000002946,4.56141386522524e-08
4.544000000000003,-0.0006917692565627266,0.7536408608356671,0,1.1871642161670548e-06,9.810000000001697,2.7608529089748876e-08
4.608000000000003,-0.0007081862926325565,0.7643707150245017,0,1.1305171064836194e-06,9.810000000000764,1.647347399798642e-08
4.672000000000003,-0.0007245989548590693,0.7751005692527178,0,1.0678328410792677e-06,9.810000000000043,9.614593669158513e-09
4.736000000000003,-0.0007410075249497283,0.785830423503123,0,9.990566049293512e-07,9.809999999999437,5.417276810226384e-09
4.800000000000003,-0.0007574123089761405,0.7965602777653097,0,9.243320915030967e-07,9.809999999998968,2.8763067769756665e-09
4.864000000000003,-0.000773813636201006,0.8072901320330896,0,8.439456901358185e-07,9.809999999998553,1.3655508192220751e-09
4.9280000000000035,-0.0007902118574715562,0.8180199863028957,0,7.582896277274207e-07,9.809999999998213,4.946893822477831e-10
4.9920000000000035,-0.0008066073432857954,0.8287498405727844,0,6.678360134278105e-07,9.809999999997922,2.0165332725521472e-11
5.056000000000004,-0.0008230004816066342,0.8394796948418121,0,5.73118505977466e-07,9.809999999997729,-2.1023186846728516e-10
5.120000000000004,-0.0008393916754788682,0.8502095491096445,0,4.7471889763331645e-07,9.80999999999757,-2.917915829885484e-10
5.184000000000004,-0.0008557813404921535,0.8609394033763125,0,3.7325657929273715e-07,9.809999999997506,-2.843099622143699e-10
5.248000000000004,-0.0008721699021254931,0.8716692576420573,0,2.69379869534049e-07,9.809999999997482,-2.2536621489198323e-10
5.312000000000004,-0.0008885577930012254,0.8823991119072343,0,1.637591814776354e-07,9.809999999997538,-1.3862107325046693e-10
5.376000000000004,-0.0009049454500761402,0.8931289661722517,0,5.708027773309565e-08,9.809999999997673,-3.8975798543422793e-11
5.440000000000004,-0.0009213333117928928,0.9038588204375322,0,-4.9961386212106775e-08,9.809999999997844,6.425166486801321e-11
5.504000000000004,-0.0009377218152138545,0.9145886747034898,0,-1.5666606665643606e-07,9.809999999998075,1.653118547936002e-10
5.568000000000004,-0.0009541113931595084,0.9253185289705157,0,-2.6233512993525547e-07,9.80999999999837,2.607865227023384e-10
5.632000000000004,-0.0009705024713708475,0.9360483832389701,0,-3.6627580203624304e-07,9.809999999998698,3.487780422649822e-10
5.696000000000004,-0.000986895465716405,0.9467782375091793,0,-4.678062056572347e-07,9.809999999999059,4.2842098302754947e-10
5.760000000000004,-0.0010032907794621673,0.9575080917814347,0,-5.662598156883825e-07,9.809999999999423,4.995441202934855e-10
5.824000000000004,-0.0010196888006238415,0.9682379460559939,0,-6.60990212796751e-07,9.809999999999848,5.624598678193521e-10
5.888000000000004,-0.0010360898994182458,0.9789678003330836,0,-7.513751782892904e-07,9.810000000000242,6.17793726511487e-10
5.952000000000004,-0.0010524944258313562,0.9896976546129028,0,-8.368209731574488e-07,9.81000000000063,6.663925860259161e-10
6.0160000000000045,-0.0010689027073192696,1.0004275088956271,0,-9.167663093008689e-07,9.810000000001002,7.092203357514277e-10
6.0800000000000045,-0.0010853150466562638,1.0111573631814121,0,-9.90685810747091e-07,9.810000000001367,7.472800669717605e-10
6.144000000000005,-0.0011017317199461616,1.0218872174703986,0,-1.0580939706226779e-06,9.810000000001672,7.815740380701936e-10
6.208000000000005,-0.0011181529748077173,1.0326170717627152,0,-1.1185477680404768e-06,9.810000000001933,8.130389296928337e-10
6.272000000000005,-0.0011345790287480516,1.0433469260584827,0,-1.1716500924525923e-06,9.81000000000215,8.42500932377504e-10
6.336000000000005,-0.0011510100677330688,1.0540767803578164,0,-1.21705192449146e-06,9.810000000002312,8.706459362129853e-10
6.400000000000005,-0.0011674462449660905,1.0648066346608283,0,-1.254455079289505e-06,9.810000000002404,8.979805279895221e-10
6.464000000000005,-0.0011838876798812088,1.0755364889676282,0,-1.283613793057698e-06,9.81000000000244,9.24821407425471e-10
6.528000000000005,-0.0012003344573586995,1.0862663432783244,0,-1.3043365167187173e-06,9.810000000002407,9.512505990603185e-10
6.592000000000005,-0.0012167866271675788,1.096996197593023,0,-1.316487155413145e-06,9.81000000000229,9.771524584504482e-10
6.656000000000005,-0.0012332442036390007,1.1077260519118264,0,-1.3199859723034728e-06,9.810000000002153,1.002171700672706e-09
6.720000000000005,-0.0012497071655721945,1.1184559062348314,0,-1.3148100029332962e-06,9.81000000000192,1.0257389155788708e-09
6.784000000000005,-0.0012661754563743103,1.1291857605621252,0,-1.3009933891375715e-06,9.81000000000166,1.047080433981129e-09
6.848000000000005,-0.0012826489844328874,1.1399156148937821,0,-1.2786270657538656e-06,9.810000000001342,1.0652539677398331e-09
6.912000000000005,-0.0012991276237179603,1.1506454692298593,0,-1.247858031216188e-06,9.810000000001,1.0791403612070046e-09
6.976000000000005,-0.0013156112146110943,1.161375323570391,0,-1.2088886867625819e-06,9.810000000000617,1.0875105255818728e-09
7.040000000000005,-0.0013320995649545094,1.1721051779153835,0,-1.1619751663136414e-06,9.810000000000217,1.089066328823926e-09
7.104000000000005,-0.0013485924513143583,1.1828350322648096,0,-1.1074258871637003e-06,9.80999999999982,1.0824423901967027e-09
7.1680000000000055,-0.0013650896204494246,1.1935648866186033,0,-1.0455994183087236e-06,9.809999999999418,1.0662920412244176e-09
7.2320000000000055,-0.0013815907909758413,1.204294740976654,0,-9.769021851359332e-07,9.809999999999047,1.0393237119111134e-09
7.296000000000006,-0.0013980956552167804,1.2150245953388021,0,-9.01785772090186e-07,9.809999999998674,1.0003115108104794e-09
