t;x;y;z;Aceleracao_0;Aceleracao_1;Aceleracao_2
0,064;-1,48E-10;2,22E-09;0,04018176;-3,61E-08;9,81;5,43E-07
0,128;-3,14E-10;0,002416978;0,120545142;-4,60E-09;9,809966326;0,590081459
0,192;2,47E-10;0,004836031;0,241090284;1,78E-07;9,809999967;0,000507107
0,256;1,66E-09;0,007257048;0,401817186;2,08E-07;9,809999981;0,000479435
0,32;4,02E-09;0,009679522;0,602725848;2,31E-07;9,809999991;0,000355871
0,384;7,60E-09;0,012103131;0,843816269;2,97E-07;9,809999995;0,000277026
0,448;1,24E-08;0,014527669;1,125088451;2,99E-07;9,809999998;0,000226705
0,512;1,84E-08;0,016953004;1,446542393;2,92E-07;9,809999999;0,000194592
0,576;2,55E-08;0,019379052;1,808178095;2,74E-07;9,81;0,000174104
0,64;3,37E-08;0,021805759;2,209995557;2,49E-07;9,81;0,000161036
0,704;4,28E-08;0,024233092;2,651994778;2,44E-07;9,81;0,000152705
0,768;5,29E-08;0,026661029;3,13417576;2,27E-07;9,81;0,000147399
0,832;6,37E-08;0,029089555;3,656538502;1,92E-07;9,81;0,000144023
0,896;7,53E-08;0,031518663;4,219083004;1,74E-07;9,81;0,000141879
0,96;8,75E-08;0,033948346;4,821809266;1,61E-07;9,81;0,000140523
1,024;1,00E-07;0,036378602;5,464717287;1,55E-07;9,81;0,000139668
1,088;1,14E-07;0,038809427;6,147807069;1,63E-07;9,81;0,000139134
1,152;1,28E-07;0,041240821;6,871078611;1,67E-07;9,81;0,000138805
1,216;1,43E-07;0,043672782;7,634531913;1,97E-07;9,81;0,000138607
1,28;1,59E-07;0,046105311;8,438166975;2,14E-07;9,81;0,000138492
1,344;1,76E-07;0,048538407;9,281983796;2,37E-07;9,81;0,00013843
1,408;1,94E-07;0,05097207;10,16598238;2,59E-07;9,81;0,000138402
1,472;2,13E-07;0,0534063;11,09016272;2,76E-07;9,81;0,000138396
1,536;2,33E-07;0,055841096;12,05452482;2,83E-07;9,81;0,000138403
1,6;2,55E-07;0,058276459;13,05906868;2,80E-07;9,81;0,00013842
1,664;2,77E-07;0,06071239;14,10379431;2,69E-07;9,81;0,000138442
1,728;3,01E-07;0,063148888;15,18870169;2,46E-07;9,81;0,000138468
1,792;3,25E-07;0,065585953;16,31379083;2,15E-07;9,81;0,000138496
1,856;3,50E-07;0,068023585;17,47906173;1,74E-07;9,81;0,000138526
1,92;3,76E-07;0,070461785;18,68451439;1,30E-07;9,81;0,000138557
1,984;4,02E-07;0,072900553;19,93014881;8,49E-08;9,81;0,000138588
2,048;4,28E-07;0,075339888;21,215965;4,20E-08;9,81;0,000138619
2,112;4,54E-07;0,077779791;22,54196294;2,85E-09;9,81;0,000138651
2,176;4,80E-07;0,080220263;23,90814264;-2,89E-08;9,81;0,000138683
2,24;5,06E-07;0,082661302;25,3145041;-5,15E-08;9,81;0,000138715
2,304;5,31E-07;0,08510291;26,76104732;-6,40E-08;9,81;0,000138748
2,368;5,56E-07;0,087545086;28,24777231;-6,58E-08;9,81;0,00013878
2,432;5,81E-07;0,089987831;29,77467905;-5,75E-08;9,81;0,000138812
2,496;6,06E-07;0,092431144;31,34176755;-4,05E-08;9,81;0,000138844
2,56;6,31E-07;0,094875027;32,94903781;-1,68E-08;9,81;0,000138877
2,624;6,56E-07;0,097319478;34,59648983;1,12E-08;9,81;0,000138909
2,688;6,81E-07;0,099764499;36,28412361;4,06E-08;9,81;0,000138941
2,752;7,06E-07;0,102210088;38,01193916;6,89E-08;9,81;0,000138974
2,816;7,32E-07;0,104656247;39,77993646;9,32E-08;9,81;0,000139006
2,88;7,58E-07;0,107102976;41,58811552;1,11E-07;9,81;0,000139038
2,944;7,85E-07;0,109550274;43,43647634;1,22E-07;9,81;0,000139071
3,008;8,12E-07;0,111998142;45,32501892;1,24E-07;9,81;0,000139103
3,072;8,40E-07;0,11444658;47,25374326;1,16E-07;9,81;0,000139135
3,136;8,68E-07;0,116895588;49,22264937;1,00E-07;9,81;0,000139168
3,2;8,96E-07;0,119345166;51,23173723;7,64E-08;9,81;0,0001392
3,264;9,24E-07;0,121795314;53,28100685;4,69E-08;9,81;0,000139233
3,328;9,53E-07;0,124246033;55,37045823;1,32E-08;9,81;0,000139265
3,392;9,82E-07;0,126697322;57,50009137;-2,22E-08;9,81;0,000139297
3,456;1,01E-06;0,129149182;59,66990628;-5,70E-08;9,81;0,00013933
3,52;1,04E-06;0,131601613;61,87990294;-8,91E-08;9,81;0,000139362
3,584;1,07E-06;0,134054615;64,13008136;-1,16E-07;9,81;0,000139395
3,648;1,09E-06;0,136508188;66,42044154;-1,37E-07;9,81;0,000139427
3,712;1,12E-06;0,138962332;68,75098348;-1,51E-07;9,81;0,00013946
3,776;1,14E-06;0,141417048;71,12170718;-1,57E-07;9,81;0,000139492
3,84;1,17E-06;0,143872335;73,53261265;-1,54E-07;9,81;0,000139525
3,904;1,19E-06;0,146328193;75,98369987;-1,44E-07;9,81;0,000139557
3,968;1,22E-06;0,148784624;78,47496885;-1,28E-07;9,81;0,00013959
4,032;1,24E-06;0,151241626;81,00641959;-1,07E-07;9,81;0,000139622
4,096;1,26E-06;0,1536992;83,57805209;-8,29E-08;9,81;0,000139655
4,16;1,29E-06;0,156157347;86,18986636;-5,72E-08;9,81;0,000139687
4,224;1,31E-06;0,158616065;88,84186238;-3,18E-08;9,81;0,00013972
4,288;1,33E-06;0,161075357;91,53404016;-8,52E-09;9,81;0,000139752
4,352;1,35E-06;0,16353522;94,2663997;1,11E-08;9,81;0,000139785
4,416;1,38E-06;0,165995657;97,038941;2,60E-08;9,81;0,000139817
4,48;1,40E-06;0,168456666;99,85166406;3,52E-08;9,81;0,00013985
4,544;1,42E-06;0,170918248;102,7045689;3,84E-08;9,81;0,000139883
4,608;1,45E-06;0,173380403;105,5976555;3,56E-08;9,81;0,000139915
4,672;1,47E-06;0,175843132;108,5309238;2,73E-08;9,81;0,000139948
4,736;1,49E-06;0,178306434;111,5043739;1,43E-08;9,81;0,00013998
4,8;1,52E-06;0,180770309;114,5180058;-2,22E-09;9,81;0,000140013
4,864;1,54E-06;0,183234758;117,5718194;-2,10E-08;9,81;0,000140045
4,928;1,56E-06;0,185699781;120,6658148;-4,05E-08;9,81;0,000140078
4,992;1,59E-06;0,188157933;123,7999919;-4,54E-08;9,81;-0,00167748
5,056;1,61E-06;0,19057817;126,9743508;-6,20E-09;9,809999991;-0,009256588
5,12;1,67E-06;0,19299448;130,1888915;8,69E-06;9,809999999;-0,000958573
5,184;1,78E-06;0,195411279;133,4436139;1,38E-05;9,81;0,000119295
5,248;1,94E-06;0,197828391;136,7385181;1,06E-05;9,81;7,62E-05
5,312;2,14E-06;0,200245701;140,073604;8,62E-06;9,81;4,86E-05
5,376;2,36E-06;0,202663139;143,4488717;7,43E-06;9,81;3,09E-05
5,44;2,61E-06;0,205080656;146,8643212;6,71E-06;9,81;1,96E-05
5,504;2,89E-06;0,207498225;150,3199524;6,30E-06;9,81;1,24E-05
5,568;3,19E-06;0,209915825;153,8157654;6,05E-06;9,81;7,73E-06
5,632;3,52E-06;0,212333444;157,3517601;5,92E-06;9,81;4,75E-06
5,696;3,87E-06;0,214751075;160,9279366;5,85E-06;9,81;2,85E-06
5,76;4,24E-06;0,217168713;164,5442949;5,81E-06;9,81;1,63E-06
5,824;4,64E-06;0,219586354;168,2008349;5,80E-06;9,81;8,45E-07
5,888;5,06E-06;0,222003997;171,8975567;5,79E-06;9,81;3,44E-07
5,952;5,51E-06;0,22442164;175,6344602;5,78E-06;9,81;2,34E-08
6,016;5,98E-06;0,226839282;179,4115455;5,78E-06;9,81;-1,82E-07
6,08;6,47E-06;0,229256923;183,2288126;5,77E-06;9,81;-3,13E-07
6,144;6,99E-06;0,231674562;187,0862614;5,75E-06;9,81;-3,98E-07
6,208;7,53E-06;0,234092199;190,983892;5,73E-06;9,81;-4,52E-07
6,272;8,09E-06;0,236509834;194,9217044;5,70E-06;9,81;-4,86E-07
6,336;8,68E-06;0,238927467;198,8996985;5,66E-06;9,81;-5,08E-07
6,4;9,29E-06;0,241345098;202,9178743;5,61E-06;9,81;-5,22E-07
6,464;9,92E-06;0,243762727;206,9762319;5,56E-06;9,81;-5,31E-07
6,528;1,06E-05;0,246180354;211,0747713;5,49E-06;9,81;-5,37E-07
6,592;1,13E-05;0,248597978;215,2134925;5,42E-06;9,81;-5,41E-07
6,656;1,19E-05;0,251015601;219,3923954;5,35E-06;9,81;-5,43E-07
6,72;1,27E-05;0,253433221;223,61148;5,27E-06;9,81;-5,45E-07
6,784;1,34E-05;0,255850838;227,8707464;5,19E-06;9,81;-5,46E-07
6,848;1,42E-05;0,258268454;232,1701946;5,10E-06;9,81;-5,46E-07
6,912;1,50E-05;0,260686067;236,5098246;5,02E-06;9,81;-5,47E-07
6,976;1,58E-05;0,263103678;240,8896363;4,93E-06;9,81;-5,47E-07
7,04;1,66E-05;0,265521287;245,3096297;4,84E-06;9,81;-5,47E-07
7,104;1,74E-05;0,267938894;249,769805;4,75E-06;9,81;-5,47E-07
7,168;1,83E-05;0,270356498;254,2701619;4,66E-06;9,81;-5,47E-07
7,232;1,92E-05;0,2727741;258,8107007;4,58E-06;9,81;-5,47E-07
7,296;2,01E-05;0,2751917;263,3914212;4,49E-06;9,81;-5,47E-07
7,36;2,10E-05;0,277609297;268,0123234;4,41E-06;9,81;-5,48E-07
7,424;2,19E-05;0,280026893;272,6734075;6,77E-06;9,81;-5,46E-07
7,488;2,29E-05;0,282444486;277,3746732;9,25E-06;9,81;-5,45E-07
7,552;2,39E-05;0,284862077;282,1161208;8,38E-06;9,81;-5,46E-07
7,616;2,50E-05;0,287279665;286,8977501;7,82E-06;9,81;-5,46E-07
7,68;2,61E-05;0,289697252;291,7195612;7,46E-06;9,81;-5,46E-07
7,744;2,72E-05;0,292114836;296,581554;7,24E-06;9,81;-5,46E-07
7,808;2,83E-05;0,294532418;301,4837286;7,09E-06;9,81;-5,46E-07
7,872;2,95E-05;0,296949998;306,4260849;7,00E-06;9,81;-5,46E-07
7,936;3,07E-05;0,299367575;311,408623;6,94E-06;9,81;-5,46E-07
8;3,19E-05;0,30178515;316,4313429;6,89E-06;9,81;-5,46E-07
8,064;3,31E-05;0,304202723;321,4942445;6,86E-06;9,81;-5,47E-07
8,128;3,44E-05;0,306620294;326,5973279;6,83E-06;9,81;-5,47E-07
8,192;3,57E-05;0,309037863;331,740593;6,80E-06;9,81;-5,47E-07
8,256;3,71E-05;0,311455429;336,9240399;6,77E-06;9,81;-5,47E-07
8,32;3,84E-05;0,313872993;342,1476686;6,74E-06;9,81;-5,47E-07
8,384;3,98E-05;0,316290555;347,411479;6,70E-06;9,81;-5,47E-07
8,448;4,12E-05;0,318708114;352,7154712;6,66E-06;9,81;-5,47E-07
8,512;4,27E-05;0,321125671;358,0596451;6,62E-06;9,81;-5,47E-07
8,576;4,41E-05;0,323543227;363,4440008;6,57E-06;9,81;-5,47E-07
8,64;4,56E-05;0,325960779;368,8685383;6,51E-06;9,81;-5,47E-07
8,704;4,72E-05;0,32837833;374,3332575;6,46E-06;9,81;-5,47E-07
8,768;4,87E-05;0,330795878;379,8381585;6,40E-06;9,81;-5,47E-07
8,832;5,03E-05;0,333213424;385,3832412;6,34E-06;9,81;-5,47E-07
8,896;5,19E-05;0,335630968;390,9685057;6,27E-06;9,81;-5,47E-07
8,96;5,35E-05;0,33804851;396,593952;6,21E-06;9,81;-5,47E-07
9,024;5,52E-05;0,340466049;402,25958;6,14E-06;9,81;-5,47E-07
9,088;5,69E-05;0,342883587;407,9653898;6,08E-06;9,81;-5,47E-07
9,152;5,86E-05;0,345301121;413,7113813;6,01E-06;9,81;-5,47E-07
9,216;6,03E-05;0,347718654;419,4975546;5,94E-06;9,81;-5,47E-07
9,28;6,20E-05;0,350136185;425,3239097;5,88E-06;9,81;-5,47E-07
9,344;6,38E-05;0,352553713;431,1904465;5,81E-06;9,81;-5,46E-07
9,408;6,56E-05;0,354971239;437,0971651;5,75E-06;9,81;-5,46E-07
9,472;6,74E-05;0,357388762;443,0440654;5,68E-06;9,81;-5,46E-07
9,536;6,93E-05;0,359806284;449,0311475;5,62E-06;9,81;-5,46E-07
9,6;7,11E-05;0,362223803;455,0584114;5,55E-06;9,81;-5,46E-07
9,664;7,30E-05;0,36464132;461,125857;5,49E-06;9,81;-5,46E-07
9,728;7,49E-05;0,367058835;467,2334844;5,42E-06;9,81;-5,46E-07
9,792;7,69E-05;0,369476348;473,3812936;5,36E-06;9,81;-5,46E-07
9,856;7,88E-05;0,371893858;479,5692845;5,29E-06;9,81;-5,46E-07
9,92;8,08E-05;0,374311366;485,7974571;5,23E-06;9,81;-5,46E-07
9,984;8,28E-05;0,376728872;492,0658115;5,16E-06;9,81;-5,46E-07
10,048;8,48E-05;0,379146375;498,3743477;5,09E-06;9,81;-5,46E-07
10,112;8,69E-05;0,381563877;504,7230657;5,02E-06;9,81;-5,46E-07
10,176;8,89E-05;0,383981376;511,1119654;4,94E-06;9,81;-5,46E-07
10,24;9,10E-05;0,386398873;517,5410468;4,87E-06;9,81;-5,46E-07
10,304;9,31E-05;0,388816367;524,01031;4,79E-06;9,81;-5,46E-07
10,368;9,52E-05;0,39123386;530,519755;4,70E-06;9,81;-5,46E-07
10,432;9,74E-05;0,39365135;537,0693818;4,62E-06;9,81;-5,46E-07
10,496;9,95E-05;0,396068838;543,6591903;4,52E-06;9,81;-5,46E-07
10,56;0,000101695;0,398486324;550,2891805;4,43E-06;9,81;-5,46E-07
10,624;0,000103887;0,400903807;556,9593526;4,33E-06;9,81;-5,46E-07
10,688;0,000106096;0,403321288;563,6697063;4,23E-06;9,81;-5,46E-07
10,752;0,000108322;0,405738767;570,4202419;4,12E-06;9,81;-5,46E-07
10,816;0,000110564;0,408156244;577,2109592;4,01E-06;9,81;-5,46E-07
10,88;0,000112823;0,410573718;584,0418582;3,89E-06;9,81;-5,46E-07
10,944;0,000115097;0,412991191;590,9129391;3,77E-06;9,81;-5,47E-07
11,008;0,000117386;0,415408661;597,8242016;3,64E-06;9,81;-5,47E-07
11,072;0,000119689;0,417826128;604,775646;3,51E-06;9,81;-5,47E-07
11,136;0,000122006;0,420243594;611,7672721;3,38E-06;9,81;-5,47E-07
11,2;0,000124336;0,422661057;618,7990799;3,24E-06;9,81;-5,47E-07
11,264;0,000126679;0,425078518;625,8710696;3,10E-06;9,81;-5,47E-07
11,328;0,000129034;0,427495977;632,983241;2,95E-06;9,81;-5,47E-07
11,392;0,0001314;0,429913434;640,1355941;2,80E-06;9,81;-5,47E-07
11,456;0,000133778;0,432330888;647,328129;2,65E-06;9,81;-5,47E-07
11,52;0,000136165;0,43474834;654,5608457;2,50E-06;9,81;-5,47E-07
11,584;0,000138562;0,43716579;661,8337441;2,34E-06;9,81;-5,48E-07
11,648;0,000140969;0,439583238;669,1468243;2,18E-06;9,81;-5,48E-07
11,712;0,000143383;0,442000683;676,5000862;2,02E-06;9,81;-5,48E-07
11,776;0,000145805;0,444418126;683,8935299;1,85E-06;9,81;-5,48E-07
11,84;0,000148234;0,446835567;691,3271554;1,69E-06;9,81;-5,48E-07
11,904;0,000150669;0,449253006;698,8009626;1,53E-06;9,81;-5,48E-07
11,968;0,000153109;0,451670442;706,3149516;1,36E-06;9,81;-5,49E-07
12,032;0,000155555;0,454087876;713,8691223;1,19E-06;9,81;-5,49E-07
12,096;0,000158005;0,456505308;721,4634748;1,03E-06;9,81;-5,49E-07
12,16;0,000160458;0,458922738;729,0980091;8,61E-07;9,81;-5,49E-07
12,224;0,000162914;0,461340165;736,7727251;6,96E-07;9,81;-5,49E-07
12,288;0,000165373;0,46375759;744,4876229;5,32E-07;9,81;-5,49E-07
12,352;0,000167832;0,466175013;752,2427024;3,70E-07;9,81;-5,50E-07
12,416;0,000170293;0,468592434;760,0379637;2,09E-07;9,81;-5,50E-07
12,48;0,000172754;0,471009852;767,8734068;5,16E-08;9,81;-5,50E-07
12,544;0,000175214;0,473427268;775,7490316;-1,03E-07;9,81;-5,50E-07
12,608;0,000176694;0,475840825;783,6648382;-0,000239516;9,81;-0,00094229
12,672;0,000181821;0,47826474;791,6208265;0,000890566;9,80999999;0,002528899
12,736;0,000187213;0,480688833;799,6169966;6,47E-05;9,81;4,36E-05
12,8;0,000192888;0,483113054;807,6533485;6,90E-05;9,81;3,11E-05
12,864;0,000198863;0,485537363;815,7298821;7,32E-05;9,81;2,17E-05
12,928;0,000205154;0,487961735;823,8465975;7,74E-05;9,81;1,54E-05
12,992;0,000211781;0,490386154;832,0034946;8,18E-05;9,81;1,12E-05
13,056;0,000218761;0,492810606;840,2005735;8,64E-05;9,81;8,29E-06
13,12;0,000226115;0,495235084;848,4378342;9,12E-05;9,81;6,20E-06
13,184;0,000233863;0,49765958;856,7152766;9,62E-05;9,81;4,65E-06
13,248;0,000242026;0,500084091;865,0329008;0,000101495;9,81;3,44E-06
13,312;0,000250628;0,502508636;873,3907067;0,000107029;9,81;8,24E-06
13,376;0,000259691;0,504933483;881,7886944;0,000112618;9,81;7,40E-05
13,44;0,000269241;0,507358655;890,2268639;0,000118709;9,81;7,90E-05
13,504;0,000279302;0,509784169;898,7052151;0,000125112;9,81;8,38E-05
13,568;0,000289904;0,512210047;907,2237481;0,000131848;9,81;8,87E-05
13,632;0,000301075;0,514636309;915,7824629;0,00013894;9,81;9,37E-05
13,696;0,000312846;0,517062976;924,3813594;0,00014641;9,81;9,90E-05
13,76;0,000325249;0,519490071;933,0204376;0,000154285;9,81;0,000104533
13,824;0,000338317;0,521917619;941,6996976;0,000162592;9,81;0,000110327
13,888;0,000352088;0,524345643;950,4191394;0,000171359;9,81;0,000116427
13,952;0,000366598;0,526774171;959,178763;0,000180618;9,81;0,000122859
14,016;0,000381888;0,529203229;967,9785683;0,000190398;9,81;0,000129647
14,08;0,000398001;0,531632848;976,8185553;0,000200732;9,81;0,000136814
14,144;0,00041498;0,534063058;985,6987241;0,000211653;9,81;0,000144385
14,208;0,000432873;0,536493893;994,6190747;0,000223196;9,81;0,000152384
14,272;0,000451731;0,538925386;1003,579607;0,000235396;9,81;0,000160837
14,336;0,000471606;0,541357575;1012,580321;0,000248289;9,81;0,000169773
14,4;0,000492553;0,543790498;1021,621217;0,000261912;9,81;0,000179219
14,464;0,000514632;0,546224195;1030,702295;0,000276305;9,81;0,000189205
14,528;0,000537906;0,548658711;1039,823554;0,000291506;9,81;0,000199765
14,592;0,000562439;0,551094091;1048,984995;0,00030756;9,81;0,000210933
14,656;0,000588301;0,553530383;1058,186618;0,000324509;9,81;0,000222743
14,72;0,000615566;0,555967639;1067,428423;0,000342402;9,81;0,000235236
14,784;0,00064431;0,558405913;1076,710409;0,000361287;9,81;0,00024845
14,848;0,000674616;0,560845261;1086,032577;0,000381218;9,81;0,000262431
14,912;0,000706553;0,563285724;1095,394927;0,000398322;9,81;0,000272051
14,976;0,000740101;0,565727221;1104,797459;0,000393104;9,81;0,000252467
15,04;0,000775359;0,568169833;1114,240172;0,000417548;9,81;0,000272412
15,104;0,000812426;0,570613637;1123,723068;0,000441589;9,81;0,000290897
15,168;0,0008514;0,573058706;1133,246145;0,000465755;9,81;0,000308693
15,232;0,000892383;0,575505111;1142,809403;0,000490418;9,81;0,000326343
15,296;0,000935479;0,577952926;1152,412844;0,000515843;9,81;0,000344209
15,36;0,000980796;0,580402226;1162,056466;0,000542221;9,81;0,000362542
15,424;0,001028447;0,582853089;1171,74027;0,000569703;9,81;0,000381521
15,488;0,001078548;0,585305596;1181,464256;0,000598408;9,81;0,000401278
15,552;0,001131224;0,58775983;1191,228424;0,00062844;9,81;0,000421918
15,616;0,001186603;0,590215882;1201,032773;0,00065989;9,81;0,000443526
15,68;0,001244819;0,592673842;1210,877304;0,000692843;9,81;0,000466179
15,744;0,001306015;0,59513381;1220,762017;0,000727382;9,81;0,000489944
15,808;0,001370339;0,597595887;1230,686911;0,000763675;9,81;0,000515012
15,872;0,001437946;0,600060181;1240,651988;0,000801741;9,81;0,000541355
15,936;0,001509001;0,602526806;1250,657246;0,000841556;9,81;0,000568904
16;0,001583674;0,604995879;1260,702686;0,000883276;9,809999999;0,000597832
16,064;0,001662143;0,607467526;1270,788307;0,000926982;9,809999999;0,000628207
16,128;0,001744597;0,609941876;1280,914111;0,000972754;9,809999999;0,0006601
16,192;0,001831232;0,612419068;1291,080096;0,001020678;9,809999999;0,000693582
16,256;0,001922253;0,614899244;1301,286263;0,001070837;9,809999999;0,000728728
16,32;0,002017891;0,617382538;1311,532611;0,001127237;9,809999999;0,000761307
16,384;0,002118418;0,619869057;1321,819142;0,001193673;9,809999999;0,000787351
16,448;0,002224116;0,622358904;1332,145854;0,001262344;9,809999999;0,000812395
16,512;0,002335209;0,62485226;1342,512748;0,001317163;9,809999999;0,000856618
16,576;0,002451941;0,627349307;1352,919824;0,001376597;9,809999999;0,000901142
16,64;0,00257457;0,629850231;1363,367081;0,00144005;9,809999998;0,000946578
16,704;0,002703374;0,632355223;1373,85452;0,001507177;9,809999998;0,000993342
16,768;0,00283864;0,634864483;1384,382141;0,001577795;9,809999998;0,001041729
16,832;0,002980672;0,637378215;1394,949944;0,001651833;9,809999998;0,001091956
16,896;0,003129787;0,639896634;1405,557928;0,001729283;9,809999998;0,001144188
16,96;0,003286316;0,642419962;1416,206095;0,001810183;9,809999998;0,001198561
17,024;0,003450606;0,644948431;1426,894443;0,001894598;9,809999997;0,001255185
17,088;0,003623017;0,647482284;1437,622973;0,001982609;9,809999997;0,001314162
17,152;0,003803924;0,65002177;1448,391684;0,002074307;9,809999997;0,001375582
17,216;0,003993718;0,652567153;1459,200577;0,00216979;9,809999997;0,00143953
17,28;0,004192807;0,655118705;1470,049652;0,002269157;9,809999996;0,001506084
17,344;0,004401614;0,657676709;1480,938909;0,002372507;9,809999996;0,001575323
17,408;0,004620578;0,660241461;1491,868348;0,002479938;9,809999995;0,00164732
17,472;0,004850157;0,662813267;1502,837968;0,002591547;9,809999995;0,001722145
17,536;0,005090827;0,665392444;1513,84777;0,002707424;9,809999994;0,001799868
17,6;0,005343078;0,667979325;1524,897754;0,002827659;9,809999994;0,001880554
17,664;0,005607422;0,670574251;1535,98792;0,002952334;9,809999993;0,001964266
17,728;0,005884387;0,673177579;1547,118267;0,00308153;9,809999993;0,002051063
17,792;0,006174523;0,675789676;1558,288796;0,003215318;9,809999992;0,002141003
17,856;0,006478396;0,678410924;1569,499507;0,003353768;9,809999991;0,002234138
17,92;0,006796592;0,681041718;1580,7504;0,003496941;9,80999999;0,002330515
17,984;0,007129718;0,683682466;1592,041474;0,003644892;9,809999989;0,002430181
18,048;0,007478399;0,686333589;1603,37273;0,00379767;9,809999988;0,002533174
18,112;0,007843281;0,688995524;1614,744168;0,003955317;9,809999987;0,002639531
18,176;0,00822503;0,691668721;1626,155788;0,004117868;9,809999986;0,002749283
18,24;0,008624332;0,694353642;1637,60759;0,004285348;9,809999985;0,002862456
18,304;0,009041892;0,697050765;1649,099573;0,004457775;9,809999984;0,002979071
18,368;0,009478439;0,699760582;1660,631738;0,004635159;9,809999983;0,003099145
18,432;0,009934717;0,7024836;1672,204084;0,004817499;9,809999981;0,003222692
18,496;0,010411496;0,705220337;1683,816613;0,005004785;9,809999979;0,00334972
18,56;0,010909561;0,70797133;1695,469323;0,005196997;9,809999978;0,003480234
18,624;0,01142972;0,710737127;1707,162215;0,005394106;9,809999976;0,003614235
18,688;0,011972801;0,713518291;1718,895289;0,005596072;9,809999973;0,003751722
18,752;0,012539651;0,716315399;1730,668545;0,005802845;9,809999971;0,003892694
18,816;0,013131135;0,719129044;1742,481982;0,006014366;9,809999969;0,004037146
18,88;0,01374814;0,721959831;1754,335601;0,006230567;9,809999966;0,004185077
18,944;0,014391569;0,724808379;1766,229402;0,006451371;9,809999963;0,004336485
19,008;0,015062347;0,727675325;1778,163384;0,006676694;9,80999996;0,004491373
19,072;0,015761413;0,730561316;1790,137549;0,006906446;9,809999956;0,004649748
19,136;0,016489726;0,733467015;1802,151895;0,007140531;9,809999953;0,004811626
19,2;0,017248264;0,7363931;1814,206423;0,007378849;9,809999949;0,004977031
19,264;0,018038018;0,739340263;1826,301132;0,007621296;9,809999945;0,005145998
19,328;0,018859999;0,742309212;1838,436024;0,00786777;9,80999994;0,005318577
19,392;0,019715231;0,745300666;1850,611097;0,008118163;9,809999936;0,005494836
19,456;0,020604757;0,748315366;1862,826352;0,008372373;9,809999931;0,005674861
19,52;0,021529633;0,751354062;1875,081788;0,008630296;9,809999926;0,005858761
19,584;0,022490929;0,754417526;1887,377407;0,008891832;9,80999992;0,006046672
19,648;0,023489732;0,757506544;1899,713207;0,009156885;9,809999914;0,006238759
19,712;0,024527142;0,76062192;1912,089189;0,009425361;9,809999908;0,006435217
19,776;0,025604271;0,763764479;1924,505353;0,009697171;9,809999902;0,00663628
19,84;0,026722246;0,766935063;1936,961698;0,009972231;9,809999895;0,006842221
19,904;0,027882207;0,770134538;1949,458225;0,010250458;9,809999887;0,007053354
19,968;0,029085306;0,773363791;1961,994934;0,010531776;9,809999879;0,00727004
20,032;0,030332708;0,776623734;1974,571825;0,01081611;9,809999871;0,007492692
20,096;0,03162559;0,779915306;1987,188897;0,011103388;9,809999862;0,007721774
20,16;0,032963882;0,783239099;1999,846152;0,011086419;9,809999801;0,007866737
20,224;0,034346854;0,786596198;2012,543588;0,010908351;9,809999787;0,008131035
20,288;0,035774759;0,78998851;2025,281205;0,01097012;9,809999822;0,008597071
20,352;0,03724774;0,793417987;2038,059005;0,011004524;9,809999838;0,009073665
20,416;0,038765821;0,796886624;2050,876986;0,011010854;9,809999841;0,009560225
20,48;0,040328911;0,800396451;2063,735149;0,010988601;9,809999836;0,010056306
20,544;0,041936799;0,803949537;2076,633494;0,010937045;9,809999827;0,010561282
20,608;0,04358915;0,807547983;2089,572021;0,010855282;9,809999816;0,011074323
20,672;0,045285502;0,81119392;2102,550729;0,010742284;9,809999805;0,011594392
20,736;0,047025259;0,814889502;2115,569619;0,010596952;9,809999795;0,012120265
20,8;0,048807689;0,8186369;2128,628691;0,01041817;9,809999785;0,012650555
20,864;0,050631917;0,822438299;2141,727945;0,010204841;9,809999776;0,013183728
20,928;0,052496926;0,826295887;2154,86738;0,009955915;9,809999768;0,013718123
20,992;0,054401544;0,830211852;2168,046997;0,009670406;9,80999976;0,014251963
21,056;0,056344449;0,834188369;2181,266796;0,009347402;9,809999753;0,014783364
21,12;0,058324161;0,838227597;2194,526777;0,008986073;9,809999746;0,015310335
21,184;0,06033904;0,842331668;2207,826939;0,008585674;9,80999974;0,01583078
21,248;0,062387283;0,846502678;2221,167283;0,008145547;9,809999734;0,016342497
21,312;0,064466923;0,850742677;2234,547809;0,007665126;9,809999728;0,016843167
21,376;0,066575824;0,855053662;2247,968517;0,007143939;9,809999723;0,017330351
21,44;0,068711684;0,859437561;2261,429406;0,006581616;9,809999718;0,017801478
21,504;0,070872028;0,863896228;2274,930477;0,005977893;9,809999714;0,018253828
21,568;0,073054216;0,868431427;2288,47173;0,005332626;9,809999711;0,01868452
21,632;0,075255432;0,873044821;2302,053165;0,004645803;9,809999709;0,019090493
21,696;0,077472695;0,877737957;2315,674781;0,00391757;9,809999708;0,019468482
21,76;0,079702853;0,882512256;2329,33658;0,003148251;9,809999708;0,019815
21,824;0,08194259;0,887368992;2343,03856;0,002338386;9,809999709;0,020126311
21,888;0,084188424;0,89230928;2356,780721;0,001488773;9,809999712;0,020398405
21,952;0,086436718;0,897334056;2370,563065;0,000600517;9,809999715;0,020626976
22,016;0,088685089;0,902403727;2384,38559;1,88E-05;9,809999911;0,010960731
22,08;0,09093463;0,907473412;2398,248297;0,000285809;9,809997701;3,25E-06
22,144;0,093185275;0,912543006;2412,151186;0,000269338;9,809994755;-2,21E-05
22,208;0,09521062;0,917610876;2426,094257;-0,055004842;9,809999394;-0,000420757
22,272;0,097195759;0,922679134;2440,077509;-0,009815913;9,810004521;9,45E-05
22,336;0,099181369;0,927747046;2454,100943;0,000115073;9,810002849;-8,43E-05
22,4;0,101167454;0,93281446;2468,164559;0,000115848;9,809998261;-0,000121732
22,464;0,103154033;0,937881336;2482,268356;0,00012057;9,809998837;-0,000131242
22,528;0,105141151;0,942947722;2496,412336;0,000131604;9,810002488;-0,000119821
22,592;0,107128901;0,948013644;2510,596497;0,000154275;9,810001283;-0,000112968
22,656;0,109117351;0,953079077;2524,82084;0,00017107;9,809997911;-0,000119588
22,72;0,111100049;0,958144031;2539,085364;-0,001404348;9,809999637;-0,000117059
22,784;0,113083335;0,963208387;2553,390071;0,00014338;9,810002544;-0,000145682
22,848;0,115067147;0,968272089;2567,734959;0,000128621;9,810000123;-0,000159857
22,912;0,117051498;0,973335091;2582,120029;0,000131449;9,809997456;-0,000170906
22,976;0,119036421;0,978397441;2596,54528;0,000139735;9,810000345;-0,000159044
23,04;0,121021994;0,983459218;2611,010714;0,000158609;9,810002604;-0,000140126
23,104;0,123008323;0,988520438;2625,516329;0,000184776;9,809999237;-0,000135739
23,168;0,124995437;0,993581074;2640,062126;0,000191559;9,809997466;-0,000142701
23,232;0,126983251;0,998641094;2654,648105;0,000170885;9,810001219;-0,000150404
23,296;0,128971678;1,003700438;2669,274265;0,00014939;9,810002405;-0,000165066
23,36;0,130960697;1,008759024;2683,940607;0,000144842;9,809998354;-0,000185002
23,424;0,132950328;1,013816846;2698,647131;0,000149402;9,809997806;-0,000186506
23,488;0,134940615;1,018873988;2713,393837;0,000160163;9,810002069;-0,000165995
23,552;0,136931663;1,023930516;2728,180724;0,000185508;9,810001907;-0,000150112
23,616;0,138923566;1,028986419;2743,007794;0,000209146;9,809997541;-0,000152258
23,68;0,140916298;1,034041669;2757,875045;0,000202042;9,809998477;-0,000159692
23,744;0,142909744;1,039096228;2772,782477;0,000174531;9,810002798;-0,000168548
23,808;0,144903841;1,044150014;2787,730092;0,000158813;9,810001076;-0,000188822
23,872;0,146898591;1,049202958;2802,717888;0,000159605;9,809996931;-0,000205396
23,936;0,148894018;1,054255108;2817,745866;0,000165138;9,809999437;-0,000194139
24;0,150890191;1,059306562;2832,814026;0,000182179;9,810003283;-0,000169589
24,064;0,15288724;1,064357356;2847,922368;0,000213874;9,809999992;-0,00016133
24,128;0,154885223;1,069407462;2863,070891;0,000227831;9,809996611;-0,000168027
24,192;0,156877331;1,074456961;2878,259596;-0,001434209;9,810000629;-0,000148063
24,256;0,158870183;1,079505672;2893,488483;0,000181712;9,810003347;-0,000192437
24,32;0,160863731;1,084553513;2908,757552;0,000169949;9,809998757;-0,000212291
24,384;0,162857989;1,089600458;2924,066802;0,000173305;9,809996786;-0,00021875
24,448;0,164852988;1,094646604;2939,416234;0,000180979;9,810001879;-0,000195216
24,512;0,166848839;1,099692038;2954,805848;0,000207943;9,810002976;-0,000173868
24,576;0,168845674;1,104736755;2970,235644;0,000240015;9,809997496;-0,000174847
24,64;0,170843476;1,109780728;2985,705621;0,000236358;9,809997421;-0,00018187
24,704;0,172833339;1,114824156;3001,21578;-0,001938144;9,810003072;-0,000132937
24,768;0,174823948;1,119866724;3016,766121;0,000181789;9,810002044;-0,000209771
24,832;0,176815302;1,124908337;3032,356644;0,000182233;9,809996469;-0,000233549
24,896;0,178807416;1,129949034;3047,987349;0,000185207;9,809998567;-0,000223263
24,96;0,180800349;1,134988941;3063,658235;0,000200177;9,810003946;-0,000193062
25,024;0,182794257;1,140028103;3079,369303;0,000238033;9,810000709;-0,000181808
25,088;0,184789229;1,145066492;3095,120552;0,000259539;9,80999578;-0,000188918
25,152;0,186777487;1,150104188;3110,911984;-0,001638998;9,810000135;-0,000168922
25,216;0,188766585;1,155141022;3126,743597;0,000205288;9,810004297;-0,00021067
25,28;0,190756468;1,16017689;3142,615392;0,000191271;9,809999014;-0,000235767
25,344;0,192747142;1,165211746;3158,527369;0,000193484;9,80999577;-0,000246822
25,408;0,194738626;1,170245707;3174,479528;0,000197351;9,810001886;-0,000218844
25,472;0,196731037;1,17527888;3190,471868;0,000226719;9,81000401;-0,000192357
25,536;0,198724547;1,180311259;3206,50439;0,000268143;9,809997204;-0,000193679
25,6;0,200719148;1,185342819;3222,577094;0,000266313;9,809996457;-0,000200023
25,664;0,202706482;1,190373748;3238,689979;-0,001774263;9,810003635;-0,000154115
25,728;0,20469464;1,195403742;3254,843047;0,000201286;9,810002854;-0,000228129
25,792;0,206683625;1,200432675;3271,036296;0,000202024;9,809995672;-0,000259184
25,856;0,208673436;1,205460595;3287,269727;0,000201513;9,809997973;-0,000247155
25,92;0,210664128;1,210487656;3303,543339;0,000215073;9,810004955;-0,000209911
25,984;0,212655892;1,215513906;3319,857134;0,000261787;9,810001019;-0,000197835
26,048;0,214648842;1,22053931;3336,21111;0,000289617;9,809994632;-0,000206437
26,112;0,216634886;1,22556397;3352,605268;-0,001686297;9,810000174;-0,000181996
26,176;0,218621841;1,230587708;3369,039607;0,000222581;9,810005472;-0,00022481
26,24;0,220609654;1,235610388;3385,514129;0,000209429;9,809998618;-0,000258437
26,304;0,222598327;1,240631955;3402,028832;0,000210176;9,809994654;-0,000271707
26,368;0,22458786;1,245652558;3418,583717;0,000209625;9,810002651;-0,000235343
26,432;0,226578397;1,25067232;3435,178784;0,000245328;9,810004962;-0,000205288
26,496;0,228570152;1,255691221;3451,814032;0,000297492;9,809996079;-0,000210129
26,56;0,230563103;1,260709244;3468,489462;0,000291614;9,80999581;-0,00021442
26,624;0,232548598;1,26572661;3485,205074;-0,001819929;9,810005042;-0,000160454
26,688;0,234534981;1,270742965;3501,960868;0,000216522;9,81000309;-0,000246926
26,752;0,236522261;1,275758152;3518,756844;0,00021913;9,809994092;-0,000285025
26,816;0,238510414;1,280772255;3535,593001;0,000213119;9,809998215;-0,000264611
26,88;0,240499505;1,28578546;3552,46934;0,000228985;9,810006616;-0,000219376
26,944;0,242489784;1,290797797;3569,385861;0,000290057;9,810000216;-0,000211662
27,008;0,244481368;1,295809226;3586,342563;0,000318636;9,809993072;-0,000221939
27,072;0,246468122;1,300819869;3603,339447;-0,001179251;9,810001555;-0,000191826
27,136;0,248455829;1,305829539;3620,376513;0,000232488;9,810006739;-0,000237556
27,2;0,250444462;1,310838039;3637,453761;0,000226395;9,809996724;-0,000285521
27,264;0,252434009;1,31584534;3654,571191;0,00022283;9,809993838;-0,000292821
27,328;0,254424452;1,32085165;3671,728802;0,000218999;9,810005006;-0,000242041
27,392;0,256416005;1,325857081;3688,926595;0,000270969;9,810005133;-0,000214466
27,456;0,25840892;1,330861583;3706,16457;0,000332295;9,809993418;-0,000226686
27,52;0,260396174;1,335865187;3723,442727;-0,001381869;9,809996475;-0,000219502
27,584;0,262384457;1,340867859;3740,761065;0,000251238;9,810007706;-0,000227281
27,648;0,264373687;1,345869411;3758,119585;0,000231241;9,810001593;-0,000273641
27,712;0,266363877;1,350869683;3775,518287;0,000234168;9,809991623;-0,000312581
27,776;0,268354964;1,355868843;3792,957171;0,000219199;9,810000622;-0,000271222
27,84;0,270347071;1,360867095;3810,436236;0,000248985;9,810008609;-0,000221908
27,904;0,272340533;1,365864415;3827,955484;0,000330579;9,809996912;-0,000227436
27,968;0,2743354;1,370860775;3845,514912;0,000343167;9,809991947;-0,000234194
28,032;0,276311108;1,375856652;3863,114523;-0,004677423;9,810005459;-0,000118262
28,096;0,278287779;1,380851487;3880,754316;0,000235181;9,810006603;-0,000254029
28,16;0,280265444;1,385845016;3898,43429;0,000242581;9,809992638;-0,000319186
28,224;0,282244041;1,390837306;3916,154446;0,000227348;9,809995237;-0,000302396
28,288;0,284223582;1,395828624;3933,914784;0,000230697;9,810009067;-0,00023721
28,352;0,286204407;1,400819014;3951,715303;0,000313563;9,810002283;-0,000226513
28,416;0,288186736;1,405808409;3969,556004;0,000367;9,809989912;-0,000243186
28,48;0,290157965;1,410797044;3987,436887;-0,002709906;9,81000077;-0,000185265
28,544;0,292130236;1,415784667;4005,357952;0,000254351;9,810010062;-0,000247114
28,608;0,294103527;1,420771001;4023,319199;0,000248969;9,809996226;-0,000314876
28,672;0,296077804;1,425755981;4041,320627;0,000240986;9,809990755;-0,000330563
28,736;0,298052993;1,430739898;4059,362237;0,000222346;9,810006795;-0,00025919
28,8;0,300029375;1,435722889;4077,444029;0,00029145;9,810007537;-0,000226394
28,864;0,302007316;1,440704861;4095,566002;0,000380467;9,809990504;-0,000248607
28,928;0,303983547;1,44568588;4113,728158;-0,000417262;9,809995319;-0,000232895
28,992;0,305960859;1,450665965;4131,930495;0,000263674;9,810011276;-0,000227826
29,056;0,307939209;1,455644809;4150,173014;0,000253607;9,810001223;-0,000303058
29,12;0,309918608;1,460622205;4168,455714;0,000256053;9,809987958;-0,000353386
29,184;0,311898921;1,46559843;4186,778597;0,000222967;9,810002698;-0,000286008
29,248;0,313880336;1,470573718;4205,141661;0,000269382;9,810011743;-0,000228694
29,312;0,315863331;1,475547979;4223,544907;0,000385404;9,809993137;-0,000250873
29,376;0,317847886;1,480521224;4241,988334;0,000381032;9,8099902;-0,000248102
29,44;0,31981282;1,485494074;4260,471944;-0,004790208;9,810010352;-9,62E-05
29,504;0,321778797;1,490465759;4278,995735;0,000254406;9,810006336;-0,000284601
29,568;0,32374587;1,495435941;4297,559708;0,000267732;9,809987368;-0,000366905
29,632;0,325713882;1,500404834;4316,163863;0,000229233;9,809997749;-0,000314541
29,696;0,327682912;1,505372765;4334,808199;0,000248564;9,810013988;-0,000235123
29,76;0,329653491;1,510339669;4353,492717;0,000378187;9,809997302;-0,000250467
29,824;0,331625754;1,515305505;4372,217417;0,000411076;9,809986556;-0,000260943
29,888;0,333594393;1,520270534;4390,982299;-0,00088479;9,810007717;-0,000196874
29,952;0,335564094;1,525234462;4409,787363;0,000259465;9,810010938;-0,000269025
30,016;0,337534942;1,530196849;4428,632608;0,000279904;9,809988182;-0,000376124
30,08;0,339506779;1,535157831;4447,518035;0,000241394;9,809993003;-0,000342927
30,144;0,341479579;1,540117814;4466,443644;0,000235163;9,810015033;-0,000243876
30,208;0,343453901;1,545076775;4485,409434;0,000371574;9,810001514;-0,000249595
30,272;0,345430024;1,550034618;4504,415407;0,000439618;9,809983816;-0,000273017
30,336;0,347398786;1,554991695;4523,461561;-0,001797089;9,810004775;-0,000186749
30,4;0,349368652;1,559947702;4542,547896;0,000269557;9,810014563;-0,000261612
30,464;0,351339702;1,564902143;4561,674414;0,000289196;9,809989564;-0,000381908
30,528;0,353311791;1,569855077;4580,841113;0,000253357;9,809989026;-0,000368207
30,592;0,355284804;1,574806974;4600,047994;0,000225757;9,810015286;-0,00025324
30,656;0,357259313;1,579757849;4619,295057;0,000365316;9,810005205;-0,000249306
30,72;0,359235721;1,584707561;4638,582302;0,000463681;9,809981999;-0,000283872
30,784;0,36120029;1,589656516;4657,909728;-0,002890728;9,810002159;-0,000184952
30,848;0,363165993;1,594604428;4677,277336;0,000277272;9,810017238;-0,000254595
30,912;0,365132917;1,599550754;4696,685126;0,000297845;9,809990851;-0,000387249
30,976;0,367100924;1,604495486;4716,133098;0,000264328;9,809986065;-0,000389345
31,04;0,369069513;1,609439448;4735,621251;0,000142292;9,81001537;-0,000187686
31,104;0,371038991;1,614382932;4755,149587;0,000216988;9,81000779;-0,000116814
31,168;0,373009857;1,619325774;4774,718104;0,000338755;9,809980843;-0,000156819
31,232;0,374975559;1,624268312;4794,326802;-0,001260499;9,810000301;-7,39E-05
31,296;0,376941845;1,629210448;4813,975683;0,000142439;9,810018874;-9,84E-05
31,36;0,378908824;1,63415158;4833,664745;0,000169089;9,809991906;-0,000245016
31,424;0,380876353;1,63909164;4853,393989;0,000134452;9,809984286;-0,000261842
31,488;0,382844189;1,644031157;4873,163415;7,49E-05;9,810014938;-0,000132353
31,552;0,384812885;1,648970199;4892,973022;0,00020993;9,810009639;-0,000116105
31,616;0,386782996;1,653908581;4912,822811;0,000345455;9,80998059;-0,000161195
31,68;0,388748411;1,658846628;4932,712782;-0,001146312;9,809998737;-8,15E-05
31,744;0,390714414;1,66378429;4952,642935;0,000143344;9,810019822;-9,42E-05
31,808;0,392681112;1,668720948;4972,61327;0,000169803;9,809992906;-0,000245087
31,872;0,394648382;1,673656496;4992,623786;0,000139419;9,809983029;-0,000270999
31,936;0,396615952;1,678591481;5012,674484;7,35E-05;9,810014651;-0,000137309
32;0,398584367;1,68352599;5032,765364;0,000206117;9,810010914;-0,000116323
32,064;0,400554222;1,688459822;5052,896426;0,000351676;9,809980207;-0,000165259
32,128;0,40251814;1,693393315;5073,067669;-0,001449337;9,809997823;-8,29E-05
32,192;0,404482652;1,698326424;5093,279094;0,000144749;9,810020667;-9,36E-05
32,256;0,406447864;1,703258514;5113,530701;0,000171096;9,809993223;-0,000248661
32,32;0,40841366;1,708189463;5133,822489;0,000142472;9,809982092;-0,000278916
32,384;0,41037975;1,713119837;5154,15446;7,20E-05;9,810014945;-0,000140025
32,448;0,412346689;1,718049729;5174,526612;0,000206982;9,810011602;-0,000117863
32,512;0,414315101;1,722978925;5194,938946;0,000359817;9,809979456;-0,000169943
32,576;0,416276433;1,727907787;5215,391462;-0,001728708;9,809997661;-8,15E-05
32,64;0,418238361;1,732836262;5235,884159;0,00014554;9,810021571;-9,46E-05
32,704;0,420201;1,737763686;5256,417038;0,00017377;9,809992746;-0,000256317
32,768;0,42216423;1,74268994;5276,990099;0,0001441;9,80998144;-0,000285934
32,832;0,424127747;1,747615618;5297,603342;7,02E-05;9,810015925;-0,000140432
32,896;0,426092134;1,752540801;5318,256766;0,000212203;9,810011656;-0,000120909
32,96;0,428058031;1,757465266;5338,950373;0,000368962;9,80997832;-0,000175232
33,024;0,430015;1,762389426;5359,68416;-0,002179965;9,809998353;-7,46E-05
33,088;0,431972567;1,767313182;5380,45813;0,000146033;9,810022429;-9,84E-05
33,152;0,43393086;1,772235843;5401,272282;0,000177356;9,809991384;-0,000267465
33,216;0,43588974;1,777157316;5422,126615;0,000143349;9,809981301;-0,000289952
33,28;0,437848903;1,782078226;5443,02113;6,89E-05;9,810017604;-0,000137627
33,344;0,439808981;1,786998621;5463,955827;0,000223454;9,810010774;-0,000125699
33,408;0,441770608;1,791918278;5484,930705;0,000378275;9,809976908;-0,000179996
33,472;0,443723088;1,796837664;5505,945766;-0,002233164;9,810000203;-6,62E-05
33,536;0,445676162;1,80175662;5527,001008;0,000145088;9,810023046;-0,000105101
33,6;0,447629984;1,806674412;5548,096432;0,000182506;9,809988889;-0,000284075
33,664;0,449584376;1,811591014;5569,232037;0,000139298;9,809981957;-0,000290652
33,728;0,451539049;1,816507076;5590,407824;6,83E-05;9,810020107;-0,000131816
33,792;0,453494716;1,82142259;5611,623794;0,000242967;9,810008641;-0,000133792
33,856;0,455451976;1,826337347;5632,879944;0,000388675;9,809975262;-0,00018461
33,92;0,457402361;1,831251856;5654,176277;-0,001678335;9,810003456;-6,07E-05
33,984;0,459353335;1,836165894;5675,512792;0,000143634;9,810023228;-0,00011518
34,048;0,461305087;1,841078676;5696,889488;0,000190205;9,809985152;-0,000306447
34,112;0,463257381;1,845990282;5718,306365;0,000132003;9,809983727;-0,000287163
34,176;0,465209961;1,85090138;5739,763425;7,02E-05;9,810023308;-0,000123847
34,24;0,467163654;1,855811881;5761,260667;0,000271408;9,810004943;-0,000145998
34,304;0,469118975;1,860721613;5782,79809;0,000397693;9,809973761;-0,000187751
34,368;0,471071972;1,865631083;5804,375695;-0,000567572;9,810008278;-6,39E-05
34,432;0,473025555;1,870540014;5825,993481;0,000143016;9,810022399;-0,000131398
34,496;0,474979953;1,875447582;5847,65145;0,000199304;9,809980269;-0,000332978
34,56;0,476934844;1,880354018;5869,3496;0,000120005;9,809987265;-0,000276336
34,624;0,478890053;1,885259983;5891,087932;7,79E-05;9,810026734;-0,000114978
34,688;0,480846535;1,89016528;5912,866446;0,000310644;9,809999189;-0,000163184
34,752;0,482804664;1,895069813;5934,685141;0,000402124;9,809973169;-0,000186541
34,816;0,484750619;1,899974312;5956,544019;-0,002972163;9,810014729;-7,98E-06
34,88;0,486697174;1,904878163;5978,443078;0,000146267;9,810019311;-0,000158616
34,944;0,488644567;1,909780549;6000,382318;0,000204993;9,809975143;-0,000357417
35,008;0,490592376;1,914681892;6022,361741;0,000101202;9,809993406;-0,00025465
35,072;0,492540146;1,919583185;6044,381345;-9,31E-06;9,810028713;-1,22E-05
35,136;0,494488789;1,924484259;6066,441131;0,000213148;9,809991493;-5,35E-05
35,2;0,496438474;1,929385161;6088,541099;0,000254204;9,80997548;-4,19E-05
35,264;0,498373094;1,934286738;6110,681249;-0,003677848;9,810021371;0,00016468
35,328;0,50030783;1,939188079;6132,86158;2,84E-05;9,810013071;-5,74E-05
35,392;0,502242854;1,944088482;6155,082093;7,03E-05;9,809971889;-0,000229214
35,456;0,50417765;1,948988519;6177,342788;-5,58E-05;9,810001581;-8,93E-05
35,52;0,506112382;1,953888635;6199,643665;-1,55E-05;9,810027303;1,94E-05
35,584;0,508048113;1,95878848;6221,984723;0,00024374;9,809984097;-6,64E-05
35,648;0,509984763;1,963688241;6244,365963;0,000224598;9,809981066;-2,02E-05
35,712;0,511918834;1,968588403;6266,787385;-0,000629788;9,81002601;9,78E-05
35,776;0,513853082;1,973488159;6289,248989;4,32E-05;9,810005285;-9,91E-05
35,84;0,515787577;1,978386984;6311,750774;6,04E-05;9,809971133;-0,000227481
35,904;0,517721778;1,983285572;6334,292741;-7,16E-05;9,81000993;-5,75E-05
35,968;0,51965608;1,988184212;6356,87489;2,43E-05;9,810023794;1,24E-05
36,032;0,521591495;1,993082539;6379,497221;0,000272073;9,809977478;-7,65E-05
36,096;0,523525522;1,997980887;6402,159733;-0,000339122;9,809987988;5,35E-06
36,16;0,525459615;2,002879522;6424,862428;1,64E-05;9,810028957;6,97E-05
36,224;0,527393947;2,007777581;6447,605304;5,80E-05;9,809996797;-0,000140318
36,288;0,529328461;2,012674751;6470,388361;4,47E-05;9,809972601;-0,000217121
36,352;0,531262642;2,017571803;6493,211601;-8,15E-05;9,810017674;-2,89E-05
36,416;0,533197108;2,022468854;6516,075022;6,96E-05;9,810018228;-6,65E-08
36,48;0,535132763;2,027365574;6538,978625;0,000290324;9,809972606;-8,11E-05
36,544;0,537052273;2,032262558;6561,92241;-0,003941616;9,809996176;6,46E-05
36,608;0,538971861;2,03715971;6584,906377;1,90E-05;9,81002919;4,12E-05
36,672;0,540891729;2,042056147;6607,930525;6,86E-05;9,8099885;-0,000174636
36,736;0,542811688;2,046951786;6630,994855;2,21E-05;9,809976908;-0,000194954
36,8;0,544731308;2,051847401;6654,099367;-8,30E-05;9,810023566;-5,84E-06
36,864;0,546651394;2,056742951;6677,24406;0,000114106;9,81001077;-1,57E-05
36,928;0,548572669;2,06163819;6700,428936;0,000290068;9,809970773;-7,62E-05
36,992;0,550489913;2,066533702;6723,653993;-0,000984117;9,810004717;6,69E-05
37,056;0,552407207;2,071429305;6746,919232;1,22E-05;9,810026833;2,23E-05
37,12;0,554324818;2,076324071;6770,224652;7,76E-05;9,80998115;-0,000204387
37,184;0,556242423;2,081218151;6793,570255;-1,51E-06;9,809983027;-0,000167593
37,248;0,558159728;2,086112275;6816,956039;-7,33E-05;9,810027891;1,07E-05
37,312;0,560077699;2,091006259;6840,382005;0,000162774;9,810002367;-3,41E-05
37,376;0,561996837;2,095899968;6863,848152;0,000284682;9,809970747;-6,70E-05
37,44;0,563916333;2,10079396;6887,354482;8,75E-05;9,810013092;6,88E-05
37,504;0,565835896;2,105687913;6910,900993;1,64E-05;9,810022523;-9,32E-06
37,568;0,567755797;2,110580933;6934,487686;8,25E-05;9,809974949;-0,00022782
37,632;0,569675592;2,115473394;6958,114561;-2,60E-05;9,809990578;-0,000136542
37,696;0,571595165;2,120365938;6981,781617;-5,39E-05;9,810030182;2,02E-05
37,76;0,573515599;2,125258264;7005,488855;0,000209983;9,80999354;-5,30E-05
37,824;0,575437141;2,130150377;7029,236275;0,000270499;9,809973042;-5,20E-05
37,888;0,577341736;2,135043197;7053,023877;-0,004137262;9,810020601;0,000172731
37,952;0,579246439;2,139935823;7076,851661;2,61E-05;9,810015866;-4,76E-05
38,016;0,581151459;2,144827478;7100,719626;7,77E-05;9,809971262;-0,000237035
38,08;0,583056273;2,149718716;7124,627773;-5,03E-05;9,809999136;-0,000101714
38,144;0,584960981;2,154610041;7148,576102;-2,61E-05;9,810029204;2,14E-05
38,208;0,586866686;2,159501092;7172,564612;0,000243614;9,809985552;-6,70E-05
38,272;0,588773378;2,164392021;7196,593304;0,000240869;9,809978413;-2,97E-05
38,336;0,590673943;2,169283458;7220,662178;-0,001495719;9,810025937;0,00012391
38,4;0,592574677;2,174174525;7244,771234;4,11E-05;9,810007924;-9,05E-05
38,464;0,594475691;2,179064619;7268,920472;6,85E-05;9,809969887;-0,000237334
38,528;0,599717818;2,184430605;7293,10989;0,815701447;9,80980573;0,11618462
38,592;0,602539993;2,191720179;7317,339491;-0,590808546;9,810179736;0,469625962
38,656;0,605705349;2,19907555;7341,609275;0,083784155;9,810104816;0,01606354
38,72;0,609053571;2,20647432;7365,919239;0,044645156;9,809915225;0,010595788
38,784;0,612528193;2,213879402;7390,269385;0,030859597;9,809913248;0,001540737
38,848;0,616105813;2,221271362;7414,659713;0,025145649;9,809968924;-0,003203467
38,912;0,619773089;2,228641267;7439,090222;0,021888832;9,809998827;-0,005384639
38,976;0,623521688;2,235983714;7463,560913;0,019854186;9,810009126;-0,006703605
39,04;0,627346294;2,243294736;7488,071786;0,018556468;9,810010819;-0,007671957
39,104;0,631301287;2,250604074;7512,622841;0,031832969;9,810016842;-0,00041136
39,168;0,63531911;2,257870697;7537,214078;0,015339085;9,809997353;-0,010428397
39,232;0,639325588;2,265425889;7561,845514;-0,002769879;9,814305347;0,070451584
39,296;0,643272837;2,273125103;7586,517124;-0,014459876;9,808125887;0,035161315
39,36;0,647143261;2,280964239;7611,228911;-0,018756334;9,809026621;0,034160823
39,424;0,650924671;2,288937911;7635,980878;-0,021732001;9,80935694;0,032845855
39,488;0,654607907;2,297041872;7660,773025;-0,023968073;9,809574621;0,03180858
39,552;0,658185907;2,305273231;7685,605353;-0,025692331;9,809721191;0,031103142
39,616;0,661653138;2,313629689;7710,477861;-0,027043364;9,809819186;0,030541779
39,68;0,665005238;2,322108782;7735,390551;-0,028108143;9,809883172;0,029940101
39,744;0,668238757;2,330707543;7760,343423;-0,028950445;9,809923904;0,029215918
39,808;0,671350935;2,339422555;7785,336476;-0,029624105;9,809949378;0,028381421
39,872;0,674339515;2,34825018;7810,36971;-0,030175448;9,809965247;0,027493693
39,936;0,677202588;2,3571868;7835,443126;-0,030641417;9,809975265;0,026609944
40;0,679250051;2,363254421;7860,556525;-0,199123471;9,761387923;-0,700439362
40,064;0,682199297;2,368941424;7885,703987;0,220162001;8,316231601;-0,092924051
40,128;0,689059976;2,373112536;7910,898185;0,95493957;11,41003271;-0,370090832
40,192;0,693401043;2,381582008;7936,133954;-0,615139791;10,14929128;1,049404461
40,256;0,700296122;2,387001695;7961,411434;0,623538408;10,18353391;-0,74457637
40,32;0,704732046;2,389032055;7986,726174;-0,600379852;9,096423662;-0,82747253
40,384;0,707201535;2,391929044;8012,080923;-0,480086723;9,76780297;0,21157947
40,448;0,708185706;2,395489585;8037,475775;-0,362626224;9,790878439;0,161999828
40,512;0,708857286;2,39918246;8062,910758;-0,076316323;9,79746777;0,032308283
40,576;0,70934939;2,402962368;8088,385889;-0,043817389;9,802011004;0,021248126
40,64;0,709763711;2,406823693;8113,901182;-0,01899003;9,805041661;0,019877479
40,704;0,709764474;2,410918868;8139,456646;-0,10096611;9,807332397;0,057092058
40,768;0,709361837;2,415230235;8165,052286;-0,098486667;9,808685708;0,052781096
40,832;0,70886507;2,419633444;8190,688105;-0,022980595;9,809235608;0,022422714
40,896;0,708324606;2,424117089;8216,364104;-0,010668326;9,809593677;0,019637382
40,96;0,707803511;2,428669079;8242,080284;0,00472851;9,80986189;0,016685935
41,024;0,70711677;2,433353367;8267,836647;-0,040440735;9,810213295;0,0322994
41,088;0,706041301;2,438221826;8293,633193;-0,094904237;9,810287341;0,044963585
41,152;0,704931225;2,44315147;8319,469921;-0,008448941;9,810198725;0,014937682
41,216;0,703826231;2,448134322;8345,346832;0,001240588;9,810135562;0,012990153
41,28;0,702754196;2,453169238;8371,263925;0,008046793;9,810109127;0,012711141
41,344;0,701773482;2,458251476;8397,2212;0,022295075;9,810113821;0,011553112
41,408;0,700184522;2,463542815;8423,218658;-0,148497576;9,810185002;0,051049905
41,472;0,698609652;2,468864444;8449,256297;0,003439891;9,810111212;0,007395334
41,536;0,697068753;2,47421751;8475,334119;0,008293861;9,810063036;0,007674733
41,6;0,69558294;2,479604936;8501,452123;0,013448606;9,810048328;0,008388852
